Jurisdiction,Date,Mean,Lower,Upper,date_model_run
Canada,2020-03-08,1,,,2020-04-17
Canada,2020-03-09,0,,,2020-04-17
Canada,2020-03-10,0,,,2020-04-17
Canada,2020-03-11,1,,,2020-04-17
Canada,2020-03-12,0,,,2020-04-17
Canada,2020-03-13,0,,,2020-04-17
Canada,2020-03-14,0,,,2020-04-17
Canada,2020-03-15,0,,,2020-04-17
Canada,2020-03-16,3,,,2020-04-17
Canada,2020-03-17,3,,,2020-04-17
Canada,2020-03-18,1,,,2020-04-17
Canada,2020-03-19,3,,,2020-04-17
Canada,2020-03-20,1,,,2020-04-17
Canada,2020-03-21,5,,,2020-04-17
Canada,2020-03-22,3,,,2020-04-17
Canada,2020-03-23,3,,,2020-04-17
Canada,2020-03-24,3,,,2020-04-17
Canada,2020-03-25,8,,,2020-04-17
Canada,2020-03-26,4,,,2020-04-17
Canada,2020-03-27,16,,,2020-04-17
Canada,2020-03-28,6,,,2020-04-17
Canada,2020-03-29,5,,,2020-04-17
Canada,2020-03-30,24,,,2020-04-17
Canada,2020-03-31,36,,,2020-04-17
Canada,2020-04-01,19,,,2020-04-17
Canada,2020-04-02,25,,,2020-04-17
Canada,2020-04-03,53,,,2020-04-17
Canada,2020-04-04,49,,,2020-04-17
Canada,2020-04-05,30,,,2020-04-17
Canada,2020-04-06,51,,,2020-04-17
Canada,2020-04-07,64,,,2020-04-17
Canada,2020-04-08,55,,,2020-04-17
Canada,2020-04-09,69,,,2020-04-17
Canada,2020-04-10,75,,,2020-04-17
Canada,2020-04-11,74,,,2020-04-17
Canada,2020-04-12,56,,,2020-04-17
Canada,2020-04-13,76,,,2020-04-17
Canada,2020-04-14,145,,,2020-04-17
Canada,2020-04-15,104,,,2020-04-17
Canada,2020-04-16,200,,,2020-04-17
Canada,2020-04-17,146,116,168,2020-04-17
Canada,2020-04-18,145,105,189,2020-04-17
Canada,2020-04-19,143,113,188,2020-04-17
Canada,2020-04-20,141,110,186,2020-04-17
Canada,2020-04-21,141,107,191,2020-04-17
Canada,2020-04-22,139,99,196,2020-04-17
Canada,2020-04-23,137,104,197,2020-04-17
Canada,2020-04-24,137,103,200,2020-04-17
Canada,2020-04-25,138,101,201,2020-04-17
Canada,2020-04-26,138,95,190,2020-04-17
Canada,2020-04-27,141,94,189,2020-04-17
Canada,2020-04-28,144,92,201,2020-04-17
Canada,2020-04-29,147,95,214,2020-04-17
Canada,2020-04-30,153,98,227,2020-04-17
Canada - Quebec,2020-03-18,1,,,2020-04-17
Canada - Quebec,2020-03-19,0,,,2020-04-17
Canada - Quebec,2020-03-20,0,,,2020-04-17
Canada - Quebec,2020-03-21,3,,,2020-04-17
Canada - Quebec,2020-03-22,0,,,2020-04-17
Canada - Quebec,2020-03-23,0,,,2020-04-17
Canada - Quebec,2020-03-24,0,,,2020-04-17
Canada - Quebec,2020-03-25,2,,,2020-04-17
Canada - Quebec,2020-03-26,2,,,2020-04-17
Canada - Quebec,2020-03-27,10,,,2020-04-17
Canada - Quebec,2020-03-28,4,,,2020-04-17
Canada - Quebec,2020-03-29,0,,,2020-04-17
Canada - Quebec,2020-03-30,3,,,2020-04-17
Canada - Quebec,2020-03-31,6,,,2020-04-17
Canada - Quebec,2020-04-01,2,,,2020-04-17
Canada - Quebec,2020-04-02,3,,,2020-04-17
Canada - Quebec,2020-04-03,25,,,2020-04-17
Canada - Quebec,2020-04-04,14,,,2020-04-17
Canada - Quebec,2020-04-05,19,,,2020-04-17
Canada - Quebec,2020-04-06,27,,,2020-04-17
Canada - Quebec,2020-04-07,29,,,2020-04-17
Canada - Quebec,2020-04-08,25,,,2020-04-17
Canada - Quebec,2020-04-09,41,,,2020-04-17
Canada - Quebec,2020-04-10,25,,,2020-04-17
Canada - Quebec,2020-04-11,48,,,2020-04-17
Canada - Quebec,2020-04-12,39,,,2020-04-17
Canada - Quebec,2020-04-13,32,,,2020-04-17
Canada - Quebec,2020-04-14,75,,,2020-04-17
Canada - Quebec,2020-04-15,52,,,2020-04-17
Canada - Quebec,2020-04-16,143,,,2020-04-17
Canada - Quebec,2020-04-17,104,94,110,2020-04-17
Canada - Quebec,2020-04-18,116,97,129,2020-04-17
Canada - Quebec,2020-04-19,128,98,149,2020-04-17
Canada - Quebec,2020-04-20,140,98,173,2020-04-17
Canada - Quebec,2020-04-21,149,96,203,2020-04-17
Canada - Quebec,2020-04-22,149,94,213,2020-04-17
Canada - Quebec,2020-04-23,144,91,238,2020-04-17
Canada - Quebec,2020-04-24,140,90,197,2020-04-17
Canada - Quebec,2020-04-25,139,86,204,2020-04-17
Canada - Quebec,2020-04-26,139,80,198,2020-04-17
Canada - Quebec,2020-04-27,137,76,204,2020-04-17
Canada - Quebec,2020-04-28,133,74,205,2020-04-17
Canada - Quebec,2020-04-29,132,69,208,2020-04-17
Canada - Quebec,2020-04-30,134,68,209,2020-04-17
Canada - Ontario,2020-03-11,1,,,2020-04-17
Canada - Ontario,2020-03-12,0,,,2020-04-17
Canada - Ontario,2020-03-13,0,,,2020-04-17
Canada - Ontario,2020-03-14,0,,,2020-04-17
Canada - Ontario,2020-03-15,0,,,2020-04-17
Canada - Ontario,2020-03-16,0,,,2020-04-17
Canada - Ontario,2020-03-17,0,,,2020-04-17
Canada - Ontario,2020-03-18,0,,,2020-04-17
Canada - Ontario,2020-03-19,1,,,2020-04-17
Canada - Ontario,2020-03-20,0,,,2020-04-17
Canada - Ontario,2020-03-21,1,,,2020-04-17
Canada - Ontario,2020-03-22,3,,,2020-04-17
Canada - Ontario,2020-03-23,0,,,2020-04-17
Canada - Ontario,2020-03-24,2,,,2020-04-17
Canada - Ontario,2020-03-25,5,,,2020-04-17
Canada - Ontario,2020-03-26,2,,,2020-04-17
Canada - Ontario,2020-03-27,3,,,2020-04-17
Canada - Ontario,2020-03-28,1,,,2020-04-17
Canada - Ontario,2020-03-29,4,,,2020-04-17
Canada - Ontario,2020-03-30,11,,,2020-04-17
Canada - Ontario,2020-03-31,24,,,2020-04-17
Canada - Ontario,2020-04-01,13,,,2020-04-17
Canada - Ontario,2020-04-02,14,,,2020-04-17
Canada - Ontario,2020-04-03,18,,,2020-04-17
Canada - Ontario,2020-04-04,30,,,2020-04-17
Canada - Ontario,2020-04-05,8,,,2020-04-17
Canada - Ontario,2020-04-06,21,,,2020-04-17
Canada - Ontario,2020-04-07,27,,,2020-04-17
Canada - Ontario,2020-04-08,22,,,2020-04-17
Canada - Ontario,2020-04-09,22,,,2020-04-17
Canada - Ontario,2020-04-10,36,,,2020-04-17
Canada - Ontario,2020-04-11,21,,,2020-04-17
Canada - Ontario,2020-04-12,13,,,2020-04-17
Canada - Ontario,2020-04-13,30,,,2020-04-17
Canada - Ontario,2020-04-14,65,,,2020-04-17
Canada - Ontario,2020-04-15,48,,,2020-04-17
Canada - Ontario,2020-04-16,53,,,2020-04-17
Canada - Ontario,2020-04-17,51,40,57,2020-04-17
Canada - Ontario,2020-04-18,50,41,62,2020-04-17
Canada - Ontario,2020-04-19,50,40,62,2020-04-17
Canada - Ontario,2020-04-20,50,39,60,2020-04-17
Canada - Ontario,2020-04-21,49,37,61,2020-04-17
Canada - Ontario,2020-04-22,48,37,61,2020-04-17
Canada - Ontario,2020-04-23,47,37,62,2020-04-17
Canada - Ontario,2020-04-24,47,36,58,2020-04-17
Canada - Ontario,2020-04-25,48,34,61,2020-04-17
Canada - Ontario,2020-04-26,48,33,65,2020-04-17
Canada - Ontario,2020-04-27,49,33,69,2020-04-17
Canada - Ontario,2020-04-28,51,33,73,2020-04-17
Canada - Ontario,2020-04-29,53,33,78,2020-04-17
Canada - Ontario,2020-04-30,55,34,83,2020-04-17
Canada - Alberta,2020-03-19,1,,,2020-04-17
Canada - Alberta,2020-03-20,0,,,2020-04-17
Canada - Alberta,2020-03-21,0,,,2020-04-17
Canada - Alberta,2020-03-22,0,,,2020-04-17
Canada - Alberta,2020-03-23,0,,,2020-04-17
Canada - Alberta,2020-03-24,1,,,2020-04-17
Canada - Alberta,2020-03-25,0,,,2020-04-17
Canada - Alberta,2020-03-26,0,,,2020-04-17
Canada - Alberta,2020-03-27,0,,,2020-04-17
Canada - Alberta,2020-03-28,0,,,2020-04-17
Canada - Alberta,2020-03-29,1,,,2020-04-17
Canada - Alberta,2020-03-30,5,,,2020-04-17
Canada - Alberta,2020-03-31,1,,,2020-04-17
Canada - Alberta,2020-04-01,2,,,2020-04-17
Canada - Alberta,2020-04-02,2,,,2020-04-17
Canada - Alberta,2020-04-03,5,,,2020-04-17
Canada - Alberta,2020-04-04,2,,,2020-04-17
Canada - Alberta,2020-04-05,3,,,2020-04-17
Canada - Alberta,2020-04-06,1,,,2020-04-17
Canada - Alberta,2020-04-07,2,,,2020-04-17
Canada - Alberta,2020-04-08,3,,,2020-04-17
Canada - Alberta,2020-04-09,3,,,2020-04-17
Canada - Alberta,2020-04-10,7,,,2020-04-17
Canada - Alberta,2020-04-11,1,,,2020-04-17
Canada - Alberta,2020-04-12,4,,,2020-04-17
Canada - Alberta,2020-04-13,2,,,2020-04-17
Canada - Alberta,2020-04-14,2,,,2020-04-17
Canada - Alberta,2020-04-15,0,,,2020-04-17
Canada - Alberta,2020-04-16,2,,,2020-04-17
Canada - Alberta,2020-04-17,4,3,,2020-04-17
Canada - Alberta,2020-04-18,4,3,5,2020-04-17
Canada - Alberta,2020-04-19,4,3,5,2020-04-17
Canada - Alberta,2020-04-20,3,,4,2020-04-17
Canada - Alberta,2020-04-21,3,2,4,2020-04-17
Canada - Alberta,2020-04-22,4,2,,2020-04-17
Canada - Alberta,2020-04-23,4,2,5,2020-04-17
Canada - Alberta,2020-04-24,4,2,5,2020-04-17
Canada - Alberta,2020-04-25,4,2,5,2020-04-17
Canada - Alberta,2020-04-26,4,2,6,2020-04-17
Canada - Alberta,2020-04-27,4,2,6,2020-04-17
Canada - Alberta,2020-04-28,4,2,6,2020-04-17
Canada - Alberta,2020-04-29,5,2,7,2020-04-17
Canada - Alberta,2020-04-30,5,2,7,2020-04-17
Canada - British Columbia,2020-03-08,1,,,2020-04-17
Canada - British Columbia,2020-03-09,0,,,2020-04-17
Canada - British Columbia,2020-03-10,0,,,2020-04-17
Canada - British Columbia,2020-03-11,0,,,2020-04-17
Canada - British Columbia,2020-03-12,0,,,2020-04-17
Canada - British Columbia,2020-03-13,0,,,2020-04-17
Canada - British Columbia,2020-03-14,0,,,2020-04-17
Canada - British Columbia,2020-03-15,0,,,2020-04-17
Canada - British Columbia,2020-03-16,3,,,2020-04-17
Canada - British Columbia,2020-03-17,3,,,2020-04-17
Canada - British Columbia,2020-03-18,0,,,2020-04-17
Canada - British Columbia,2020-03-19,1,,,2020-04-17
Canada - British Columbia,2020-03-20,1,,,2020-04-17
Canada - British Columbia,2020-03-21,1,,,2020-04-17
Canada - British Columbia,2020-03-22,0,,,2020-04-17
Canada - British Columbia,2020-03-23,3,,,2020-04-17
Canada - British Columbia,2020-03-24,0,,,2020-04-17
Canada - British Columbia,2020-03-25,1,,,2020-04-17
Canada - British Columbia,2020-03-26,0,,,2020-04-17
Canada - British Columbia,2020-03-27,2,,,2020-04-17
Canada - British Columbia,2020-03-28,1,,,2020-04-17
Canada - British Columbia,2020-03-29,0,,,2020-04-17
Canada - British Columbia,2020-03-30,2,,,2020-04-17
Canada - British Columbia,2020-03-31,5,,,2020-04-17
Canada - British Columbia,2020-04-01,1,,,2020-04-17
Canada - British Columbia,2020-04-02,6,,,2020-04-17
Canada - British Columbia,2020-04-03,4,,,2020-04-17
Canada - British Columbia,2020-04-04,3,,,2020-04-17
Canada - British Columbia,2020-04-05,0,,,2020-04-17
Canada - British Columbia,2020-04-06,1,,,2020-04-17
Canada - British Columbia,2020-04-07,4,,,2020-04-17
Canada - British Columbia,2020-04-08,5,,,2020-04-17
Canada - British Columbia,2020-04-09,2,,,2020-04-17
Canada - British Columbia,2020-04-10,5,,,2020-04-17
Canada - British Columbia,2020-04-11,3,,,2020-04-17
Canada - British Columbia,2020-04-12,0,,,2020-04-17
Canada - British Columbia,2020-04-13,11,,,2020-04-17
Canada - British Columbia,2020-04-14,3,,,2020-04-17
Canada - British Columbia,2020-04-15,3,,,2020-04-17
Canada - British Columbia,2020-04-16,2,,,2020-04-17
Canada - British Columbia,2020-04-17,5,4,,2020-04-17
Canada - British Columbia,2020-04-18,5,4,6,2020-04-17
Canada - British Columbia,2020-04-19,5,4,6,2020-04-17
Canada - British Columbia,2020-04-20,5,4,6,2020-04-17
Canada - British Columbia,2020-04-21,5,4,6,2020-04-17
Canada - British Columbia,2020-04-22,5,3,7,2020-04-17
Canada - British Columbia,2020-04-23,5,3,7,2020-04-17
Canada - British Columbia,2020-04-24,5,3,8,2020-04-17
Canada - British Columbia,2020-04-25,5,3,8,2020-04-17
Canada - British Columbia,2020-04-26,6,3,9,2020-04-17
Canada - British Columbia,2020-04-27,6,3,9,2020-04-17
Canada - British Columbia,2020-04-28,6,3,10,2020-04-17
Canada - British Columbia,2020-04-29,7,4,10,2020-04-17
Canada - British Columbia,2020-04-30,7,4,11,2020-04-17
Canada,2020-03-08,1,,,2020-04-18
Canada,2020-03-09,0,,,2020-04-18
Canada,2020-03-10,0,,,2020-04-18
Canada,2020-03-11,1,,,2020-04-18
Canada,2020-03-12,0,,,2020-04-18
Canada,2020-03-13,0,,,2020-04-18
Canada,2020-03-14,0,,,2020-04-18
Canada,2020-03-15,0,,,2020-04-18
Canada,2020-03-16,3,,,2020-04-18
Canada,2020-03-17,3,,,2020-04-18
Canada,2020-03-18,1,,,2020-04-18
Canada,2020-03-19,3,,,2020-04-18
Canada,2020-03-20,1,,,2020-04-18
Canada,2020-03-21,5,,,2020-04-18
Canada,2020-03-22,3,,,2020-04-18
Canada,2020-03-23,3,,,2020-04-18
Canada,2020-03-24,3,,,2020-04-18
Canada,2020-03-25,8,,,2020-04-18
Canada,2020-03-26,4,,,2020-04-18
Canada,2020-03-27,16,,,2020-04-18
Canada,2020-03-28,6,,,2020-04-18
Canada,2020-03-29,5,,,2020-04-18
Canada,2020-03-30,24,,,2020-04-18
Canada,2020-03-31,36,,,2020-04-18
Canada,2020-04-01,19,,,2020-04-18
Canada,2020-04-02,25,,,2020-04-18
Canada,2020-04-03,53,,,2020-04-18
Canada,2020-04-04,49,,,2020-04-18
Canada,2020-04-05,30,,,2020-04-18
Canada,2020-04-06,51,,,2020-04-18
Canada,2020-04-07,64,,,2020-04-18
Canada,2020-04-08,55,,,2020-04-18
Canada,2020-04-09,69,,,2020-04-18
Canada,2020-04-10,75,,,2020-04-18
Canada,2020-04-11,74,,,2020-04-18
Canada,2020-04-12,56,,,2020-04-18
Canada,2020-04-13,76,,,2020-04-18
Canada,2020-04-14,145,,,2020-04-18
Canada,2020-04-15,104,,,2020-04-18
Canada,2020-04-16,179,,,2020-04-18
Canada,2020-04-17,116,,,2020-04-18
Canada,2020-04-18,147,109,172,2020-04-18
Canada,2020-04-19,146,113,183,2020-04-18
Canada,2020-04-20,145,121,182,2020-04-18
Canada,2020-04-21,145,108,181,2020-04-18
Canada,2020-04-22,144,113,186,2020-04-18
Canada,2020-04-23,141,107,187,2020-04-18
Canada,2020-04-24,139,112,190,2020-04-18
Canada,2020-04-25,138,110,190,2020-04-18
Canada,2020-04-26,139,109,180,2020-04-18
Canada,2020-04-27,139,102,175,2020-04-18
Canada,2020-04-28,140,101,186,2020-04-18
Canada,2020-04-29,143,98,197,2020-04-18
Canada,2020-04-30,146,96,210,2020-04-18
Canada,2020-05-01,151,96,223,2020-04-18
Canada - Quebec,2020-03-18,1,,,2020-04-18
Canada - Quebec,2020-03-19,0,,,2020-04-18
Canada - Quebec,2020-03-20,0,,,2020-04-18
Canada - Quebec,2020-03-21,3,,,2020-04-18
Canada - Quebec,2020-03-22,0,,,2020-04-18
Canada - Quebec,2020-03-23,0,,,2020-04-18
Canada - Quebec,2020-03-24,0,,,2020-04-18
Canada - Quebec,2020-03-25,2,,,2020-04-18
Canada - Quebec,2020-03-26,2,,,2020-04-18
Canada - Quebec,2020-03-27,10,,,2020-04-18
Canada - Quebec,2020-03-28,4,,,2020-04-18
Canada - Quebec,2020-03-29,0,,,2020-04-18
Canada - Quebec,2020-03-30,3,,,2020-04-18
Canada - Quebec,2020-03-31,6,,,2020-04-18
Canada - Quebec,2020-04-01,2,,,2020-04-18
Canada - Quebec,2020-04-02,3,,,2020-04-18
Canada - Quebec,2020-04-03,25,,,2020-04-18
Canada - Quebec,2020-04-04,14,,,2020-04-18
Canada - Quebec,2020-04-05,19,,,2020-04-18
Canada - Quebec,2020-04-06,27,,,2020-04-18
Canada - Quebec,2020-04-07,29,,,2020-04-18
Canada - Quebec,2020-04-08,25,,,2020-04-18
Canada - Quebec,2020-04-09,41,,,2020-04-18
Canada - Quebec,2020-04-10,25,,,2020-04-18
Canada - Quebec,2020-04-11,48,,,2020-04-18
Canada - Quebec,2020-04-12,39,,,2020-04-18
Canada - Quebec,2020-04-13,32,,,2020-04-18
Canada - Quebec,2020-04-14,75,,,2020-04-18
Canada - Quebec,2020-04-15,52,,,2020-04-18
Canada - Quebec,2020-04-16,122,,,2020-04-18
Canada - Quebec,2020-04-17,79,,,2020-04-18
Canada - Quebec,2020-04-18,109,92,115,2020-04-18
Canada - Quebec,2020-04-19,120,93,133,2020-04-18
Canada - Quebec,2020-04-20,132,92,162,2020-04-18
Canada - Quebec,2020-04-21,142,90,189,2020-04-18
Canada - Quebec,2020-04-22,148,89,220,2020-04-18
Canada - Quebec,2020-04-23,146,86,231,2020-04-18
Canada - Quebec,2020-04-24,140,85,258,2020-04-18
Canada - Quebec,2020-04-25,136,81,189,2020-04-18
Canada - Quebec,2020-04-26,137,75,221,2020-04-18
Canada - Quebec,2020-04-27,135,72,189,2020-04-18
Canada - Quebec,2020-04-28,133,70,216,2020-04-18
Canada - Quebec,2020-04-29,130,65,192,2020-04-18
Canada - Quebec,2020-04-30,129,64,193,2020-04-18
Canada - Quebec,2020-05-01,131,63,182,2020-04-18
Canada - Ontario,2020-03-11,1,,,2020-04-18
Canada - Ontario,2020-03-12,0,,,2020-04-18
Canada - Ontario,2020-03-13,0,,,2020-04-18
Canada - Ontario,2020-03-14,0,,,2020-04-18
Canada - Ontario,2020-03-15,0,,,2020-04-18
Canada - Ontario,2020-03-16,0,,,2020-04-18
Canada - Ontario,2020-03-17,0,,,2020-04-18
Canada - Ontario,2020-03-18,0,,,2020-04-18
Canada - Ontario,2020-03-19,1,,,2020-04-18
Canada - Ontario,2020-03-20,0,,,2020-04-18
Canada - Ontario,2020-03-21,1,,,2020-04-18
Canada - Ontario,2020-03-22,3,,,2020-04-18
Canada - Ontario,2020-03-23,0,,,2020-04-18
Canada - Ontario,2020-03-24,2,,,2020-04-18
Canada - Ontario,2020-03-25,5,,,2020-04-18
Canada - Ontario,2020-03-26,2,,,2020-04-18
Canada - Ontario,2020-03-27,3,,,2020-04-18
Canada - Ontario,2020-03-28,1,,,2020-04-18
Canada - Ontario,2020-03-29,4,,,2020-04-18
Canada - Ontario,2020-03-30,11,,,2020-04-18
Canada - Ontario,2020-03-31,24,,,2020-04-18
Canada - Ontario,2020-04-01,13,,,2020-04-18
Canada - Ontario,2020-04-02,14,,,2020-04-18
Canada - Ontario,2020-04-03,18,,,2020-04-18
Canada - Ontario,2020-04-04,30,,,2020-04-18
Canada - Ontario,2020-04-05,8,,,2020-04-18
Canada - Ontario,2020-04-06,21,,,2020-04-18
Canada - Ontario,2020-04-07,27,,,2020-04-18
Canada - Ontario,2020-04-08,22,,,2020-04-18
Canada - Ontario,2020-04-09,22,,,2020-04-18
Canada - Ontario,2020-04-10,36,,,2020-04-18
Canada - Ontario,2020-04-11,21,,,2020-04-18
Canada - Ontario,2020-04-12,13,,,2020-04-18
Canada - Ontario,2020-04-13,30,,,2020-04-18
Canada - Ontario,2020-04-14,65,,,2020-04-18
Canada - Ontario,2020-04-15,48,,,2020-04-18
Canada - Ontario,2020-04-16,53,,,2020-04-18
Canada - Ontario,2020-04-17,35,,,2020-04-18
Canada - Ontario,2020-04-18,52,41,58,2020-04-18
Canada - Ontario,2020-04-19,52,44,63,2020-04-18
Canada - Ontario,2020-04-20,53,42,66,2020-04-18
Canada - Ontario,2020-04-21,52,41,64,2020-04-18
Canada - Ontario,2020-04-22,51,44,65,2020-04-18
Canada - Ontario,2020-04-23,50,42,66,2020-04-18
Canada - Ontario,2020-04-24,49,40,66,2020-04-18
Canada - Ontario,2020-04-25,50,39,62,2020-04-18
Canada - Ontario,2020-04-26,50,36,61,2020-04-18
Canada - Ontario,2020-04-27,50,36,64,2020-04-18
Canada - Ontario,2020-04-28,52,35,68,2020-04-18
Canada - Ontario,2020-04-29,53,34,73,2020-04-18
Canada - Ontario,2020-04-30,54,34,77,2020-04-18
Canada - Ontario,2020-05-01,57,35,82,2020-04-18
Canada - Alberta,2020-03-19,1,,,2020-04-18
Canada - Alberta,2020-03-20,0,,,2020-04-18
Canada - Alberta,2020-03-21,0,,,2020-04-18
Canada - Alberta,2020-03-22,0,,,2020-04-18
Canada - Alberta,2020-03-23,0,,,2020-04-18
Canada - Alberta,2020-03-24,1,,,2020-04-18
Canada - Alberta,2020-03-25,0,,,2020-04-18
Canada - Alberta,2020-03-26,0,,,2020-04-18
Canada - Alberta,2020-03-27,0,,,2020-04-18
Canada - Alberta,2020-03-28,0,,,2020-04-18
Canada - Alberta,2020-03-29,1,,,2020-04-18
Canada - Alberta,2020-03-30,5,,,2020-04-18
Canada - Alberta,2020-03-31,1,,,2020-04-18
Canada - Alberta,2020-04-01,2,,,2020-04-18
Canada - Alberta,2020-04-02,2,,,2020-04-18
Canada - Alberta,2020-04-03,5,,,2020-04-18
Canada - Alberta,2020-04-04,2,,,2020-04-18
Canada - Alberta,2020-04-05,3,,,2020-04-18
Canada - Alberta,2020-04-06,1,,,2020-04-18
Canada - Alberta,2020-04-07,2,,,2020-04-18
Canada - Alberta,2020-04-08,3,,,2020-04-18
Canada - Alberta,2020-04-09,3,,,2020-04-18
Canada - Alberta,2020-04-10,7,,,2020-04-18
Canada - Alberta,2020-04-11,1,,,2020-04-18
Canada - Alberta,2020-04-12,4,,,2020-04-18
Canada - Alberta,2020-04-13,2,,,2020-04-18
Canada - Alberta,2020-04-14,2,,,2020-04-18
Canada - Alberta,2020-04-15,0,,,2020-04-18
Canada - Alberta,2020-04-16,2,,,2020-04-18
Canada - Alberta,2020-04-17,0,,,2020-04-18
Canada - Alberta,2020-04-18,3,,,2020-04-18
Canada - Alberta,2020-04-19,3,,,2020-04-18
Canada - Alberta,2020-04-20,3,2,4,2020-04-18
Canada - Alberta,2020-04-21,3,2,4,2020-04-18
Canada - Alberta,2020-04-22,3,2,4,2020-04-18
Canada - Alberta,2020-04-23,3,2,4,2020-04-18
Canada - Alberta,2020-04-24,3,2,4,2020-04-18
Canada - Alberta,2020-04-25,3,2,5,2020-04-18
Canada - Alberta,2020-04-26,4,2,5,2020-04-18
Canada - Alberta,2020-04-27,4,2,5,2020-04-18
Canada - Alberta,2020-04-28,4,2,6,2020-04-18
Canada - Alberta,2020-04-29,4,2,6,2020-04-18
Canada - Alberta,2020-04-30,4,2,6,2020-04-18
Canada - Alberta,2020-05-01,4,2,7,2020-04-18
Canada - British Columbia,2020-03-08,1,,,2020-04-18
Canada - British Columbia,2020-03-09,0,,,2020-04-18
Canada - British Columbia,2020-03-10,0,,,2020-04-18
Canada - British Columbia,2020-03-11,0,,,2020-04-18
Canada - British Columbia,2020-03-12,0,,,2020-04-18
Canada - British Columbia,2020-03-13,0,,,2020-04-18
Canada - British Columbia,2020-03-14,0,,,2020-04-18
Canada - British Columbia,2020-03-15,0,,,2020-04-18
Canada - British Columbia,2020-03-16,3,,,2020-04-18
Canada - British Columbia,2020-03-17,3,,,2020-04-18
Canada - British Columbia,2020-03-18,0,,,2020-04-18
Canada - British Columbia,2020-03-19,1,,,2020-04-18
Canada - British Columbia,2020-03-20,1,,,2020-04-18
Canada - British Columbia,2020-03-21,1,,,2020-04-18
Canada - British Columbia,2020-03-22,0,,,2020-04-18
Canada - British Columbia,2020-03-23,3,,,2020-04-18
Canada - British Columbia,2020-03-24,0,,,2020-04-18
Canada - British Columbia,2020-03-25,1,,,2020-04-18
Canada - British Columbia,2020-03-26,0,,,2020-04-18
Canada - British Columbia,2020-03-27,2,,,2020-04-18
Canada - British Columbia,2020-03-28,1,,,2020-04-18
Canada - British Columbia,2020-03-29,0,,,2020-04-18
Canada - British Columbia,2020-03-30,2,,,2020-04-18
Canada - British Columbia,2020-03-31,5,,,2020-04-18
Canada - British Columbia,2020-04-01,1,,,2020-04-18
Canada - British Columbia,2020-04-02,6,,,2020-04-18
Canada - British Columbia,2020-04-03,4,,,2020-04-18
Canada - British Columbia,2020-04-04,3,,,2020-04-18
Canada - British Columbia,2020-04-05,0,,,2020-04-18
Canada - British Columbia,2020-04-06,1,,,2020-04-18
Canada - British Columbia,2020-04-07,4,,,2020-04-18
Canada - British Columbia,2020-04-08,5,,,2020-04-18
Canada - British Columbia,2020-04-09,2,,,2020-04-18
Canada - British Columbia,2020-04-10,5,,,2020-04-18
Canada - British Columbia,2020-04-11,3,,,2020-04-18
Canada - British Columbia,2020-04-12,0,,,2020-04-18
Canada - British Columbia,2020-04-13,11,,,2020-04-18
Canada - British Columbia,2020-04-14,3,,,2020-04-18
Canada - British Columbia,2020-04-15,3,,,2020-04-18
Canada - British Columbia,2020-04-16,2,,,2020-04-18
Canada - British Columbia,2020-04-17,1,,,2020-04-18
Canada - British Columbia,2020-04-18,4,,,2020-04-18
Canada - British Columbia,2020-04-19,4,3,5,2020-04-18
Canada - British Columbia,2020-04-20,4,3,5,2020-04-18
Canada - British Columbia,2020-04-21,4,3,6,2020-04-18
Canada - British Columbia,2020-04-22,4,3,6,2020-04-18
Canada - British Columbia,2020-04-23,4,3,6,2020-04-18
Canada - British Columbia,2020-04-24,5,3,6,2020-04-18
Canada - British Columbia,2020-04-25,5,3,7,2020-04-18
Canada - British Columbia,2020-04-26,5,3,7,2020-04-18
Canada - British Columbia,2020-04-27,5,3,8,2020-04-18
Canada - British Columbia,2020-04-28,5,3,8,2020-04-18
Canada - British Columbia,2020-04-29,6,3,8,2020-04-18
Canada - British Columbia,2020-04-30,6,3,9,2020-04-18
Canada - British Columbia,2020-05-01,6,3,9,2020-04-18
Canada,2020-03-08,1,,,2020-04-19
Canada,2020-03-09,0,,,2020-04-19
Canada,2020-03-10,0,,,2020-04-19
Canada,2020-03-11,1,,,2020-04-19
Canada,2020-03-12,0,,,2020-04-19
Canada,2020-03-13,0,,,2020-04-19
Canada,2020-03-14,0,,,2020-04-19
Canada,2020-03-15,0,,,2020-04-19
Canada,2020-03-16,3,,,2020-04-19
Canada,2020-03-17,3,,,2020-04-19
Canada,2020-03-18,1,,,2020-04-19
Canada,2020-03-19,3,,,2020-04-19
Canada,2020-03-20,1,,,2020-04-19
Canada,2020-03-21,5,,,2020-04-19
Canada,2020-03-22,3,,,2020-04-19
Canada,2020-03-23,3,,,2020-04-19
Canada,2020-03-24,3,,,2020-04-19
Canada,2020-03-25,8,,,2020-04-19
Canada,2020-03-26,4,,,2020-04-19
Canada,2020-03-27,16,,,2020-04-19
Canada,2020-03-28,6,,,2020-04-19
Canada,2020-03-29,5,,,2020-04-19
Canada,2020-03-30,24,,,2020-04-19
Canada,2020-03-31,36,,,2020-04-19
Canada,2020-04-01,19,,,2020-04-19
Canada,2020-04-02,25,,,2020-04-19
Canada,2020-04-03,53,,,2020-04-19
Canada,2020-04-04,49,,,2020-04-19
Canada,2020-04-05,30,,,2020-04-19
Canada,2020-04-06,51,,,2020-04-19
Canada,2020-04-07,64,,,2020-04-19
Canada,2020-04-08,55,,,2020-04-19
Canada,2020-04-09,69,,,2020-04-19
Canada,2020-04-10,75,,,2020-04-19
Canada,2020-04-11,74,,,2020-04-19
Canada,2020-04-12,56,,,2020-04-19
Canada,2020-04-13,76,,,2020-04-19
Canada,2020-04-14,145,,,2020-04-19
Canada,2020-04-15,104,,,2020-04-19
Canada,2020-04-16,179,,,2020-04-19
Canada,2020-04-17,116,,,2020-04-19
Canada,2020-04-18,162,,,2020-04-19
Canada,2020-04-19,163,121,187,2020-04-19
Canada,2020-04-20,162,126,204,2020-04-19
Canada,2020-04-21,161,135,203,2020-04-19
Canada,2020-04-22,162,121,201,2020-04-19
Canada,2020-04-23,160,127,208,2020-04-19
Canada,2020-04-24,156,114,208,2020-04-19
Canada,2020-04-25,152,119,212,2020-04-19
Canada,2020-04-26,149,123,212,2020-04-19
Canada,2020-04-27,148,122,200,2020-04-19
Canada,2020-04-28,148,114,192,2020-04-19
Canada,2020-04-29,149,113,187,2020-04-19
Canada,2020-04-30,152,110,190,2020-04-19
Canada,2020-05-01,154,108,213,2020-04-19
Canada,2020-05-02,158,96,203,2020-04-19
Canada - Quebec,2020-03-18,1,,,2020-04-19
Canada - Quebec,2020-03-19,0,,,2020-04-19
Canada - Quebec,2020-03-20,0,,,2020-04-19
Canada - Quebec,2020-03-21,3,,,2020-04-19
Canada - Quebec,2020-03-22,0,,,2020-04-19
Canada - Quebec,2020-03-23,0,,,2020-04-19
Canada - Quebec,2020-03-24,0,,,2020-04-19
Canada - Quebec,2020-03-25,2,,,2020-04-19
Canada - Quebec,2020-03-26,2,,,2020-04-19
Canada - Quebec,2020-03-27,10,,,2020-04-19
Canada - Quebec,2020-03-28,4,,,2020-04-19
Canada - Quebec,2020-03-29,0,,,2020-04-19
Canada - Quebec,2020-03-30,3,,,2020-04-19
Canada - Quebec,2020-03-31,6,,,2020-04-19
Canada - Quebec,2020-04-01,2,,,2020-04-19
Canada - Quebec,2020-04-02,3,,,2020-04-19
Canada - Quebec,2020-04-03,25,,,2020-04-19
Canada - Quebec,2020-04-04,14,,,2020-04-19
Canada - Quebec,2020-04-05,19,,,2020-04-19
Canada - Quebec,2020-04-06,27,,,2020-04-19
Canada - Quebec,2020-04-07,29,,,2020-04-19
Canada - Quebec,2020-04-08,25,,,2020-04-19
Canada - Quebec,2020-04-09,41,,,2020-04-19
Canada - Quebec,2020-04-10,25,,,2020-04-19
Canada - Quebec,2020-04-11,48,,,2020-04-19
Canada - Quebec,2020-04-12,39,,,2020-04-19
Canada - Quebec,2020-04-13,32,,,2020-04-19
Canada - Quebec,2020-04-14,75,,,2020-04-19
Canada - Quebec,2020-04-15,52,,,2020-04-19
Canada - Quebec,2020-04-16,122,,,2020-04-19
Canada - Quebec,2020-04-17,79,,,2020-04-19
Canada - Quebec,2020-04-18,117,,,2020-04-19
Canada - Quebec,2020-04-19,120,96,128,2020-04-19
Canada - Quebec,2020-04-20,125,85,147,2020-04-19
Canada - Quebec,2020-04-21,125,93,163,2020-04-19
Canada - Quebec,2020-04-22,124,84,163,2020-04-19
Canada - Quebec,2020-04-23,123,89,177,2020-04-19
Canada - Quebec,2020-04-24,121,88,181,2020-04-19
Canada - Quebec,2020-04-25,121,84,179,2020-04-19
Canada - Quebec,2020-04-26,120,78,184,2020-04-19
Canada - Quebec,2020-04-27,117,82,189,2020-04-19
Canada - Quebec,2020-04-28,117,78,190,2020-04-19
Canada - Quebec,2020-04-29,115,80,193,2020-04-19
Canada - Quebec,2020-04-30,114,76,193,2020-04-19
Canada - Quebec,2020-05-01,114,75,183,2020-04-19
Canada - Quebec,2020-05-02,116,74,175,2020-04-19
Canada - Ontario,2020-03-11,1,,,2020-04-19
Canada - Ontario,2020-03-12,0,,,2020-04-19
Canada - Ontario,2020-03-13,0,,,2020-04-19
Canada - Ontario,2020-03-14,0,,,2020-04-19
Canada - Ontario,2020-03-15,0,,,2020-04-19
Canada - Ontario,2020-03-16,0,,,2020-04-19
Canada - Ontario,2020-03-17,0,,,2020-04-19
Canada - Ontario,2020-03-18,0,,,2020-04-19
Canada - Ontario,2020-03-19,1,,,2020-04-19
Canada - Ontario,2020-03-20,0,,,2020-04-19
Canada - Ontario,2020-03-21,1,,,2020-04-19
Canada - Ontario,2020-03-22,3,,,2020-04-19
Canada - Ontario,2020-03-23,0,,,2020-04-19
Canada - Ontario,2020-03-24,2,,,2020-04-19
Canada - Ontario,2020-03-25,5,,,2020-04-19
Canada - Ontario,2020-03-26,2,,,2020-04-19
Canada - Ontario,2020-03-27,3,,,2020-04-19
Canada - Ontario,2020-03-28,1,,,2020-04-19
Canada - Ontario,2020-03-29,4,,,2020-04-19
Canada - Ontario,2020-03-30,11,,,2020-04-19
Canada - Ontario,2020-03-31,24,,,2020-04-19
Canada - Ontario,2020-04-01,13,,,2020-04-19
Canada - Ontario,2020-04-02,14,,,2020-04-19
Canada - Ontario,2020-04-03,18,,,2020-04-19
Canada - Ontario,2020-04-04,30,,,2020-04-19
Canada - Ontario,2020-04-05,8,,,2020-04-19
Canada - Ontario,2020-04-06,21,,,2020-04-19
Canada - Ontario,2020-04-07,27,,,2020-04-19
Canada - Ontario,2020-04-08,22,,,2020-04-19
Canada - Ontario,2020-04-09,22,,,2020-04-19
Canada - Ontario,2020-04-10,36,,,2020-04-19
Canada - Ontario,2020-04-11,21,,,2020-04-19
Canada - Ontario,2020-04-12,13,,,2020-04-19
Canada - Ontario,2020-04-13,30,,,2020-04-19
Canada - Ontario,2020-04-14,65,,,2020-04-19
Canada - Ontario,2020-04-15,48,,,2020-04-19
Canada - Ontario,2020-04-16,53,,,2020-04-19
Canada - Ontario,2020-04-17,35,,,2020-04-19
Canada - Ontario,2020-04-18,38,,,2020-04-19
Canada - Ontario,2020-04-19,56,45,61,2020-04-19
Canada - Ontario,2020-04-20,56,47,67,2020-04-19
Canada - Ontario,2020-04-21,57,46,71,2020-04-19
Canada - Ontario,2020-04-22,56,44,69,2020-04-19
Canada - Ontario,2020-04-23,55,41,70,2020-04-19
Canada - Ontario,2020-04-24,53,41,70,2020-04-19
Canada - Ontario,2020-04-25,52,43,70,2020-04-19
Canada - Ontario,2020-04-26,51,41,66,2020-04-19
Canada - Ontario,2020-04-27,51,39,63,2020-04-19
Canada - Ontario,2020-04-28,51,38,68,2020-04-19
Canada - Ontario,2020-04-29,52,37,65,2020-04-19
Canada - Ontario,2020-04-30,53,37,71,2020-04-19
Canada - Ontario,2020-05-01,53,33,79,2020-04-19
Canada - Ontario,2020-05-02,54,34,76,2020-04-19
Canada - Alberta,2020-03-19,1,,,2020-04-19
Canada - Alberta,2020-03-20,0,,,2020-04-19
Canada - Alberta,2020-03-21,0,,,2020-04-19
Canada - Alberta,2020-03-22,0,,,2020-04-19
Canada - Alberta,2020-03-23,0,,,2020-04-19
Canada - Alberta,2020-03-24,1,,,2020-04-19
Canada - Alberta,2020-03-25,0,,,2020-04-19
Canada - Alberta,2020-03-26,0,,,2020-04-19
Canada - Alberta,2020-03-27,0,,,2020-04-19
Canada - Alberta,2020-03-28,0,,,2020-04-19
Canada - Alberta,2020-03-29,1,,,2020-04-19
Canada - Alberta,2020-03-30,5,,,2020-04-19
Canada - Alberta,2020-03-31,1,,,2020-04-19
Canada - Alberta,2020-04-01,2,,,2020-04-19
Canada - Alberta,2020-04-02,2,,,2020-04-19
Canada - Alberta,2020-04-03,5,,,2020-04-19
Canada - Alberta,2020-04-04,2,,,2020-04-19
Canada - Alberta,2020-04-05,3,,,2020-04-19
Canada - Alberta,2020-04-06,1,,,2020-04-19
Canada - Alberta,2020-04-07,2,,,2020-04-19
Canada - Alberta,2020-04-08,3,,,2020-04-19
Canada - Alberta,2020-04-09,3,,,2020-04-19
Canada - Alberta,2020-04-10,7,,,2020-04-19
Canada - Alberta,2020-04-11,1,,,2020-04-19
Canada - Alberta,2020-04-12,4,,,2020-04-19
Canada - Alberta,2020-04-13,2,,,2020-04-19
Canada - Alberta,2020-04-14,2,,,2020-04-19
Canada - Alberta,2020-04-15,0,,,2020-04-19
Canada - Alberta,2020-04-16,2,,,2020-04-19
Canada - Alberta,2020-04-17,0,,,2020-04-19
Canada - Alberta,2020-04-18,1,,,2020-04-19
Canada - Alberta,2020-04-19,3,2,,2020-04-19
Canada - Alberta,2020-04-20,3,2,,2020-04-19
Canada - Alberta,2020-04-21,3,2,,2020-04-19
Canada - Alberta,2020-04-22,3,2,4,2020-04-19
Canada - Alberta,2020-04-23,3,2,4,2020-04-19
Canada - Alberta,2020-04-24,3,2,4,2020-04-19
Canada - Alberta,2020-04-25,3,2,4,2020-04-19
Canada - Alberta,2020-04-26,3,2,4,2020-04-19
Canada - Alberta,2020-04-27,3,2,5,2020-04-19
Canada - Alberta,2020-04-28,3,2,5,2020-04-19
Canada - Alberta,2020-04-29,3,2,5,2020-04-19
Canada - Alberta,2020-04-30,3,2,5,2020-04-19
Canada - Alberta,2020-05-01,3,2,5,2020-04-19
Canada - Alberta,2020-05-02,4,2,5,2020-04-19
Canada - British Columbia,2020-03-08,1,,,2020-04-19
Canada - British Columbia,2020-03-09,0,,,2020-04-19
Canada - British Columbia,2020-03-10,0,,,2020-04-19
Canada - British Columbia,2020-03-11,0,,,2020-04-19
Canada - British Columbia,2020-03-12,0,,,2020-04-19
Canada - British Columbia,2020-03-13,0,,,2020-04-19
Canada - British Columbia,2020-03-14,0,,,2020-04-19
Canada - British Columbia,2020-03-15,0,,,2020-04-19
Canada - British Columbia,2020-03-16,3,,,2020-04-19
Canada - British Columbia,2020-03-17,3,,,2020-04-19
Canada - British Columbia,2020-03-18,0,,,2020-04-19
Canada - British Columbia,2020-03-19,1,,,2020-04-19
Canada - British Columbia,2020-03-20,1,,,2020-04-19
Canada - British Columbia,2020-03-21,1,,,2020-04-19
Canada - British Columbia,2020-03-22,0,,,2020-04-19
Canada - British Columbia,2020-03-23,3,,,2020-04-19
Canada - British Columbia,2020-03-24,0,,,2020-04-19
Canada - British Columbia,2020-03-25,1,,,2020-04-19
Canada - British Columbia,2020-03-26,0,,,2020-04-19
Canada - British Columbia,2020-03-27,2,,,2020-04-19
Canada - British Columbia,2020-03-28,1,,,2020-04-19
Canada - British Columbia,2020-03-29,0,,,2020-04-19
Canada - British Columbia,2020-03-30,2,,,2020-04-19
Canada - British Columbia,2020-03-31,5,,,2020-04-19
Canada - British Columbia,2020-04-01,1,,,2020-04-19
Canada - British Columbia,2020-04-02,6,,,2020-04-19
Canada - British Columbia,2020-04-03,4,,,2020-04-19
Canada - British Columbia,2020-04-04,3,,,2020-04-19
Canada - British Columbia,2020-04-05,0,,,2020-04-19
Canada - British Columbia,2020-04-06,1,,,2020-04-19
Canada - British Columbia,2020-04-07,4,,,2020-04-19
Canada - British Columbia,2020-04-08,5,,,2020-04-19
Canada - British Columbia,2020-04-09,2,,,2020-04-19
Canada - British Columbia,2020-04-10,5,,,2020-04-19
Canada - British Columbia,2020-04-11,3,,,2020-04-19
Canada - British Columbia,2020-04-12,0,,,2020-04-19
Canada - British Columbia,2020-04-13,11,,,2020-04-19
Canada - British Columbia,2020-04-14,3,,,2020-04-19
Canada - British Columbia,2020-04-15,3,,,2020-04-19
Canada - British Columbia,2020-04-16,2,,,2020-04-19
Canada - British Columbia,2020-04-17,1,,,2020-04-19
Canada - British Columbia,2020-04-18,3,,,2020-04-19
Canada - British Columbia,2020-04-19,4,,5,2020-04-19
Canada - British Columbia,2020-04-20,4,3,5,2020-04-19
Canada - British Columbia,2020-04-21,4,3,5,2020-04-19
Canada - British Columbia,2020-04-22,4,3,6,2020-04-19
Canada - British Columbia,2020-04-23,4,3,6,2020-04-19
Canada - British Columbia,2020-04-24,5,3,6,2020-04-19
Canada - British Columbia,2020-04-25,5,3,7,2020-04-19
Canada - British Columbia,2020-04-26,5,3,7,2020-04-19
Canada - British Columbia,2020-04-27,5,3,7,2020-04-19
Canada - British Columbia,2020-04-28,5,3,8,2020-04-19
Canada - British Columbia,2020-04-29,5,3,8,2020-04-19
Canada - British Columbia,2020-04-30,6,3,8,2020-04-19
Canada - British Columbia,2020-05-01,6,3,9,2020-04-19
Canada - British Columbia,2020-05-02,6,3,9,2020-04-19
Canada,2020-03-08,1,,,2020-04-20
Canada,2020-03-09,0,,,2020-04-20
Canada,2020-03-10,0,,,2020-04-20
Canada,2020-03-11,1,,,2020-04-20
Canada,2020-03-12,0,,,2020-04-20
Canada,2020-03-13,0,,,2020-04-20
Canada,2020-03-14,0,,,2020-04-20
Canada,2020-03-15,0,,,2020-04-20
Canada,2020-03-16,3,,,2020-04-20
Canada,2020-03-17,3,,,2020-04-20
Canada,2020-03-18,1,,,2020-04-20
Canada,2020-03-19,3,,,2020-04-20
Canada,2020-03-20,1,,,2020-04-20
Canada,2020-03-21,5,,,2020-04-20
Canada,2020-03-22,3,,,2020-04-20
Canada,2020-03-23,3,,,2020-04-20
Canada,2020-03-24,3,,,2020-04-20
Canada,2020-03-25,8,,,2020-04-20
Canada,2020-03-26,4,,,2020-04-20
Canada,2020-03-27,16,,,2020-04-20
Canada,2020-03-28,6,,,2020-04-20
Canada,2020-03-29,5,,,2020-04-20
Canada,2020-03-30,24,,,2020-04-20
Canada,2020-03-31,36,,,2020-04-20
Canada,2020-04-01,19,,,2020-04-20
Canada,2020-04-02,25,,,2020-04-20
Canada,2020-04-03,53,,,2020-04-20
Canada,2020-04-04,49,,,2020-04-20
Canada,2020-04-05,30,,,2020-04-20
Canada,2020-04-06,51,,,2020-04-20
Canada,2020-04-07,64,,,2020-04-20
Canada,2020-04-08,55,,,2020-04-20
Canada,2020-04-09,69,,,2020-04-20
Canada,2020-04-10,75,,,2020-04-20
Canada,2020-04-11,74,,,2020-04-20
Canada,2020-04-12,56,,,2020-04-20
Canada,2020-04-13,76,,,2020-04-20
Canada,2020-04-14,145,,,2020-04-20
Canada,2020-04-15,104,,,2020-04-20
Canada,2020-04-16,179,,,2020-04-20
Canada,2020-04-17,116,,,2020-04-20
Canada,2020-04-18,162,,,2020-04-20
Canada,2020-04-19,109,,,2020-04-20
Canada,2020-04-20,165,130,189,2020-04-20
Canada,2020-04-21,164,135,204,2020-04-20
Canada,2020-04-22,163,132,205,2020-04-20
Canada,2020-04-23,164,127,198,2020-04-20
Canada,2020-04-24,161,121,201,2020-04-20
Canada,2020-04-25,156,121,202,2020-04-20
Canada,2020-04-26,150,111,202,2020-04-20
Canada,2020-04-27,146,116,191,2020-04-20
Canada,2020-04-28,144,111,183,2020-04-20
Canada,2020-04-29,142,109,195,2020-04-20
Canada,2020-04-30,145,106,186,2020-04-20
Canada,2020-05-01,147,104,203,2020-04-20
Canada,2020-05-02,148,93,227,2020-04-20
Canada,2020-05-03,151,88,218,2020-04-20
Canada - Quebec,2020-03-18,1,,,2020-04-20
Canada - Quebec,2020-03-19,0,,,2020-04-20
Canada - Quebec,2020-03-20,0,,,2020-04-20
Canada - Quebec,2020-03-21,3,,,2020-04-20
Canada - Quebec,2020-03-22,0,,,2020-04-20
Canada - Quebec,2020-03-23,0,,,2020-04-20
Canada - Quebec,2020-03-24,0,,,2020-04-20
Canada - Quebec,2020-03-25,2,,,2020-04-20
Canada - Quebec,2020-03-26,2,,,2020-04-20
Canada - Quebec,2020-03-27,10,,,2020-04-20
Canada - Quebec,2020-03-28,4,,,2020-04-20
Canada - Quebec,2020-03-29,0,,,2020-04-20
Canada - Quebec,2020-03-30,3,,,2020-04-20
Canada - Quebec,2020-03-31,6,,,2020-04-20
Canada - Quebec,2020-04-01,2,,,2020-04-20
Canada - Quebec,2020-04-02,3,,,2020-04-20
Canada - Quebec,2020-04-03,25,,,2020-04-20
Canada - Quebec,2020-04-04,14,,,2020-04-20
Canada - Quebec,2020-04-05,19,,,2020-04-20
Canada - Quebec,2020-04-06,27,,,2020-04-20
Canada - Quebec,2020-04-07,29,,,2020-04-20
Canada - Quebec,2020-04-08,25,,,2020-04-20
Canada - Quebec,2020-04-09,41,,,2020-04-20
Canada - Quebec,2020-04-10,25,,,2020-04-20
Canada - Quebec,2020-04-11,48,,,2020-04-20
Canada - Quebec,2020-04-12,39,,,2020-04-20
Canada - Quebec,2020-04-13,32,,,2020-04-20
Canada - Quebec,2020-04-14,75,,,2020-04-20
Canada - Quebec,2020-04-15,52,,,2020-04-20
Canada - Quebec,2020-04-16,122,,,2020-04-20
Canada - Quebec,2020-04-17,79,,,2020-04-20
Canada - Quebec,2020-04-18,117,,,2020-04-20
Canada - Quebec,2020-04-19,72,,,2020-04-20
Canada - Quebec,2020-04-20,122,80,136,2020-04-20
Canada - Quebec,2020-04-21,125,91,157,2020-04-20
Canada - Quebec,2020-04-22,126,79,175,2020-04-20
Canada - Quebec,2020-04-23,126,86,177,2020-04-20
Canada - Quebec,2020-04-24,124,83,193,2020-04-20
Canada - Quebec,2020-04-25,123,82,197,2020-04-20
Canada - Quebec,2020-04-26,122,76,194,2020-04-20
Canada - Quebec,2020-04-27,121,79,200,2020-04-20
Canada - Quebec,2020-04-28,120,78,206,2020-04-20
Canada - Quebec,2020-04-29,120,78,206,2020-04-20
Canada - Quebec,2020-04-30,117,73,210,2020-04-20
Canada - Quebec,2020-05-01,114,72,210,2020-04-20
Canada - Quebec,2020-05-02,115,71,198,2020-04-20
Canada - Quebec,2020-05-03,116,69,190,2020-04-20
Canada - Ontario,2020-03-11,1,,,2020-04-20
Canada - Ontario,2020-03-12,0,,,2020-04-20
Canada - Ontario,2020-03-13,0,,,2020-04-20
Canada - Ontario,2020-03-14,0,,,2020-04-20
Canada - Ontario,2020-03-15,0,,,2020-04-20
Canada - Ontario,2020-03-16,0,,,2020-04-20
Canada - Ontario,2020-03-17,0,,,2020-04-20
Canada - Ontario,2020-03-18,0,,,2020-04-20
Canada - Ontario,2020-03-19,1,,,2020-04-20
Canada - Ontario,2020-03-20,0,,,2020-04-20
Canada - Ontario,2020-03-21,1,,,2020-04-20
Canada - Ontario,2020-03-22,3,,,2020-04-20
Canada - Ontario,2020-03-23,0,,,2020-04-20
Canada - Ontario,2020-03-24,2,,,2020-04-20
Canada - Ontario,2020-03-25,5,,,2020-04-20
Canada - Ontario,2020-03-26,2,,,2020-04-20
Canada - Ontario,2020-03-27,3,,,2020-04-20
Canada - Ontario,2020-03-28,1,,,2020-04-20
Canada - Ontario,2020-03-29,4,,,2020-04-20
Canada - Ontario,2020-03-30,11,,,2020-04-20
Canada - Ontario,2020-03-31,24,,,2020-04-20
Canada - Ontario,2020-04-01,13,,,2020-04-20
Canada - Ontario,2020-04-02,14,,,2020-04-20
Canada - Ontario,2020-04-03,18,,,2020-04-20
Canada - Ontario,2020-04-04,30,,,2020-04-20
Canada - Ontario,2020-04-05,8,,,2020-04-20
Canada - Ontario,2020-04-06,21,,,2020-04-20
Canada - Ontario,2020-04-07,27,,,2020-04-20
Canada - Ontario,2020-04-08,22,,,2020-04-20
Canada - Ontario,2020-04-09,22,,,2020-04-20
Canada - Ontario,2020-04-10,36,,,2020-04-20
Canada - Ontario,2020-04-11,21,,,2020-04-20
Canada - Ontario,2020-04-12,13,,,2020-04-20
Canada - Ontario,2020-04-13,30,,,2020-04-20
Canada - Ontario,2020-04-14,65,,,2020-04-20
Canada - Ontario,2020-04-15,48,,,2020-04-20
Canada - Ontario,2020-04-16,53,,,2020-04-20
Canada - Ontario,2020-04-17,35,,,2020-04-20
Canada - Ontario,2020-04-18,38,,,2020-04-20
Canada - Ontario,2020-04-19,31,,,2020-04-20
Canada - Ontario,2020-04-20,54,47,62,2020-04-20
Canada - Ontario,2020-04-21,55,49,68,2020-04-20
Canada - Ontario,2020-04-22,55,44,74,2020-04-20
Canada - Ontario,2020-04-23,54,46,66,2020-04-20
Canada - Ontario,2020-04-24,52,41,73,2020-04-20
Canada - Ontario,2020-04-25,50,40,62,2020-04-20
Canada - Ontario,2020-04-26,48,40,61,2020-04-20
Canada - Ontario,2020-04-27,47,37,59,2020-04-20
Canada - Ontario,2020-04-28,47,37,65,2020-04-20
Canada - Ontario,2020-04-29,47,36,71,2020-04-20
Canada - Ontario,2020-04-30,48,35,69,2020-04-20
Canada - Ontario,2020-05-01,48,31,75,2020-04-20
Canada - Ontario,2020-05-02,48,30,82,2020-04-20
Canada - Ontario,2020-05-03,50,31,80,2020-04-20
Canada - Alberta,2020-03-19,1,,,2020-04-20
Canada - Alberta,2020-03-20,0,,,2020-04-20
Canada - Alberta,2020-03-21,0,,,2020-04-20
Canada - Alberta,2020-03-22,0,,,2020-04-20
Canada - Alberta,2020-03-23,0,,,2020-04-20
Canada - Alberta,2020-03-24,1,,,2020-04-20
Canada - Alberta,2020-03-25,0,,,2020-04-20
Canada - Alberta,2020-03-26,0,,,2020-04-20
Canada - Alberta,2020-03-27,0,,,2020-04-20
Canada - Alberta,2020-03-28,0,,,2020-04-20
Canada - Alberta,2020-03-29,1,,,2020-04-20
Canada - Alberta,2020-03-30,5,,,2020-04-20
Canada - Alberta,2020-03-31,1,,,2020-04-20
Canada - Alberta,2020-04-01,2,,,2020-04-20
Canada - Alberta,2020-04-02,2,,,2020-04-20
Canada - Alberta,2020-04-03,5,,,2020-04-20
Canada - Alberta,2020-04-04,2,,,2020-04-20
Canada - Alberta,2020-04-05,3,,,2020-04-20
Canada - Alberta,2020-04-06,1,,,2020-04-20
Canada - Alberta,2020-04-07,2,,,2020-04-20
Canada - Alberta,2020-04-08,3,,,2020-04-20
Canada - Alberta,2020-04-09,3,,,2020-04-20
Canada - Alberta,2020-04-10,7,,,2020-04-20
Canada - Alberta,2020-04-11,1,,,2020-04-20
Canada - Alberta,2020-04-12,4,,,2020-04-20
Canada - Alberta,2020-04-13,2,,,2020-04-20
Canada - Alberta,2020-04-14,2,,,2020-04-20
Canada - Alberta,2020-04-15,0,,,2020-04-20
Canada - Alberta,2020-04-16,2,,,2020-04-20
Canada - Alberta,2020-04-17,0,,,2020-04-20
Canada - Alberta,2020-04-18,1,,,2020-04-20
Canada - Alberta,2020-04-19,4,,,2020-04-20
Canada - Alberta,2020-04-20,2,,,2020-04-20
Canada - Alberta,2020-04-21,2,,,2020-04-20
Canada - Alberta,2020-04-22,2,,,2020-04-20
Canada - Alberta,2020-04-23,2,,,2020-04-20
Canada - Alberta,2020-04-24,2,,3,2020-04-20
Canada - Alberta,2020-04-25,2,,3,2020-04-20
Canada - Alberta,2020-04-26,2,,3,2020-04-20
Canada - Alberta,2020-04-27,2,,3,2020-04-20
Canada - Alberta,2020-04-28,2,,3,2020-04-20
Canada - Alberta,2020-04-29,2,,3,2020-04-20
Canada - Alberta,2020-04-30,2,,3,2020-04-20
Canada - Alberta,2020-05-01,2,,3,2020-04-20
Canada - Alberta,2020-05-02,2,,3,2020-04-20
Canada - Alberta,2020-05-03,2,,4,2020-04-20
Canada - British Columbia,2020-03-08,1,,,2020-04-20
Canada - British Columbia,2020-03-09,0,,,2020-04-20
Canada - British Columbia,2020-03-10,0,,,2020-04-20
Canada - British Columbia,2020-03-11,0,,,2020-04-20
Canada - British Columbia,2020-03-12,0,,,2020-04-20
Canada - British Columbia,2020-03-13,0,,,2020-04-20
Canada - British Columbia,2020-03-14,0,,,2020-04-20
Canada - British Columbia,2020-03-15,0,,,2020-04-20
Canada - British Columbia,2020-03-16,3,,,2020-04-20
Canada - British Columbia,2020-03-17,3,,,2020-04-20
Canada - British Columbia,2020-03-18,0,,,2020-04-20
Canada - British Columbia,2020-03-19,1,,,2020-04-20
Canada - British Columbia,2020-03-20,1,,,2020-04-20
Canada - British Columbia,2020-03-21,1,,,2020-04-20
Canada - British Columbia,2020-03-22,0,,,2020-04-20
Canada - British Columbia,2020-03-23,3,,,2020-04-20
Canada - British Columbia,2020-03-24,0,,,2020-04-20
Canada - British Columbia,2020-03-25,1,,,2020-04-20
Canada - British Columbia,2020-03-26,0,,,2020-04-20
Canada - British Columbia,2020-03-27,2,,,2020-04-20
Canada - British Columbia,2020-03-28,1,,,2020-04-20
Canada - British Columbia,2020-03-29,0,,,2020-04-20
Canada - British Columbia,2020-03-30,2,,,2020-04-20
Canada - British Columbia,2020-03-31,5,,,2020-04-20
Canada - British Columbia,2020-04-01,1,,,2020-04-20
Canada - British Columbia,2020-04-02,6,,,2020-04-20
Canada - British Columbia,2020-04-03,4,,,2020-04-20
Canada - British Columbia,2020-04-04,3,,,2020-04-20
Canada - British Columbia,2020-04-05,0,,,2020-04-20
Canada - British Columbia,2020-04-06,1,,,2020-04-20
Canada - British Columbia,2020-04-07,4,,,2020-04-20
Canada - British Columbia,2020-04-08,5,,,2020-04-20
Canada - British Columbia,2020-04-09,2,,,2020-04-20
Canada - British Columbia,2020-04-10,5,,,2020-04-20
Canada - British Columbia,2020-04-11,3,,,2020-04-20
Canada - British Columbia,2020-04-12,0,,,2020-04-20
Canada - British Columbia,2020-04-13,11,,,2020-04-20
Canada - British Columbia,2020-04-14,3,,,2020-04-20
Canada - British Columbia,2020-04-15,3,,,2020-04-20
Canada - British Columbia,2020-04-16,2,,,2020-04-20
Canada - British Columbia,2020-04-17,1,,,2020-04-20
Canada - British Columbia,2020-04-18,3,,,2020-04-20
Canada - British Columbia,2020-04-19,0,,,2020-04-20
Canada - British Columbia,2020-04-20,4,3,,2020-04-20
Canada - British Columbia,2020-04-21,4,3,,2020-04-20
Canada - British Columbia,2020-04-22,4,3,,2020-04-20
Canada - British Columbia,2020-04-23,3,,4,2020-04-20
Canada - British Columbia,2020-04-24,3,,4,2020-04-20
Canada - British Columbia,2020-04-25,3,,5,2020-04-20
Canada - British Columbia,2020-04-26,3,,5,2020-04-20
Canada - British Columbia,2020-04-27,3,,5,2020-04-20
Canada - British Columbia,2020-04-28,3,,5,2020-04-20
Canada - British Columbia,2020-04-29,4,3,5,2020-04-20
Canada - British Columbia,2020-04-30,4,3,6,2020-04-20
Canada - British Columbia,2020-05-01,4,3,6,2020-04-20
Canada - British Columbia,2020-05-02,4,3,6,2020-04-20
Canada - British Columbia,2020-05-03,4,3,7,2020-04-20
Canada,2020-03-08,1,,,2020-04-21
Canada,2020-03-09,0,,,2020-04-21
Canada,2020-03-10,0,,,2020-04-21
Canada,2020-03-11,1,,,2020-04-21
Canada,2020-03-12,0,,,2020-04-21
Canada,2020-03-13,0,,,2020-04-21
Canada,2020-03-14,0,,,2020-04-21
Canada,2020-03-15,0,,,2020-04-21
Canada,2020-03-16,3,,,2020-04-21
Canada,2020-03-17,3,,,2020-04-21
Canada,2020-03-18,1,,,2020-04-21
Canada,2020-03-19,3,,,2020-04-21
Canada,2020-03-20,1,,,2020-04-21
Canada,2020-03-21,5,,,2020-04-21
Canada,2020-03-22,3,,,2020-04-21
Canada,2020-03-23,3,,,2020-04-21
Canada,2020-03-24,3,,,2020-04-21
Canada,2020-03-25,8,,,2020-04-21
Canada,2020-03-26,4,,,2020-04-21
Canada,2020-03-27,16,,,2020-04-21
Canada,2020-03-28,6,,,2020-04-21
Canada,2020-03-29,5,,,2020-04-21
Canada,2020-03-30,24,,,2020-04-21
Canada,2020-03-31,36,,,2020-04-21
Canada,2020-04-01,19,,,2020-04-21
Canada,2020-04-02,25,,,2020-04-21
Canada,2020-04-03,53,,,2020-04-21
Canada,2020-04-04,49,,,2020-04-21
Canada,2020-04-05,30,,,2020-04-21
Canada,2020-04-06,51,,,2020-04-21
Canada,2020-04-07,64,,,2020-04-21
Canada,2020-04-08,55,,,2020-04-21
Canada,2020-04-09,69,,,2020-04-21
Canada,2020-04-10,75,,,2020-04-21
Canada,2020-04-11,74,,,2020-04-21
Canada,2020-04-12,56,,,2020-04-21
Canada,2020-04-13,76,,,2020-04-21
Canada,2020-04-14,145,,,2020-04-21
Canada,2020-04-15,104,,,2020-04-21
Canada,2020-04-16,179,,,2020-04-21
Canada,2020-04-17,116,,,2020-04-21
Canada,2020-04-18,162,,,2020-04-21
Canada,2020-04-19,109,,,2020-04-21
Canada,2020-04-20,121,,,2020-04-21
Canada,2020-04-21,171,136,194,2020-04-21
Canada,2020-04-22,171,144,206,2020-04-21
Canada,2020-04-23,173,138,219,2020-04-21
Canada,2020-04-24,172,135,212,2020-04-21
Canada,2020-04-25,169,126,215,2020-04-21
Canada,2020-04-26,162,120,216,2020-04-21
Canada,2020-04-27,155,116,216,2020-04-21
Canada,2020-04-28,152,115,204,2020-04-21
Canada,2020-04-29,150,119,195,2020-04-21
Canada,2020-04-30,149,117,209,2020-04-21
Canada,2020-05-01,151,115,200,2020-04-21
Canada,2020-05-02,153,112,218,2020-04-21
Canada,2020-05-03,154,100,242,2020-04-21
Canada,2020-05-04,156,95,234,2020-04-21
Canada - Quebec,2020-03-18,1,,,2020-04-21
Canada - Quebec,2020-03-19,0,,,2020-04-21
Canada - Quebec,2020-03-20,0,,,2020-04-21
Canada - Quebec,2020-03-21,3,,,2020-04-21
Canada - Quebec,2020-03-22,0,,,2020-04-21
Canada - Quebec,2020-03-23,0,,,2020-04-21
Canada - Quebec,2020-03-24,0,,,2020-04-21
Canada - Quebec,2020-03-25,2,,,2020-04-21
Canada - Quebec,2020-03-26,2,,,2020-04-21
Canada - Quebec,2020-03-27,10,,,2020-04-21
Canada - Quebec,2020-03-28,4,,,2020-04-21
Canada - Quebec,2020-03-29,0,,,2020-04-21
Canada - Quebec,2020-03-30,3,,,2020-04-21
Canada - Quebec,2020-03-31,6,,,2020-04-21
Canada - Quebec,2020-04-01,2,,,2020-04-21
Canada - Quebec,2020-04-02,3,,,2020-04-21
Canada - Quebec,2020-04-03,25,,,2020-04-21
Canada - Quebec,2020-04-04,14,,,2020-04-21
Canada - Quebec,2020-04-05,19,,,2020-04-21
Canada - Quebec,2020-04-06,27,,,2020-04-21
Canada - Quebec,2020-04-07,29,,,2020-04-21
Canada - Quebec,2020-04-08,25,,,2020-04-21
Canada - Quebec,2020-04-09,41,,,2020-04-21
Canada - Quebec,2020-04-10,25,,,2020-04-21
Canada - Quebec,2020-04-11,48,,,2020-04-21
Canada - Quebec,2020-04-12,39,,,2020-04-21
Canada - Quebec,2020-04-13,32,,,2020-04-21
Canada - Quebec,2020-04-14,75,,,2020-04-21
Canada - Quebec,2020-04-15,52,,,2020-04-21
Canada - Quebec,2020-04-16,122,,,2020-04-21
Canada - Quebec,2020-04-17,79,,,2020-04-21
Canada - Quebec,2020-04-18,117,,,2020-04-21
Canada - Quebec,2020-04-19,72,,,2020-04-21
Canada - Quebec,2020-04-20,62,,,2020-04-21
Canada - Quebec,2020-04-21,114,86,133,2020-04-21
Canada - Quebec,2020-04-22,114,78,143,2020-04-21
Canada - Quebec,2020-04-23,114,85,155,2020-04-21
Canada - Quebec,2020-04-24,113,81,159,2020-04-21
Canada - Quebec,2020-04-25,112,80,157,2020-04-21
Canada - Quebec,2020-04-26,111,76,161,2020-04-21
Canada - Quebec,2020-04-27,110,77,166,2020-04-21
Canada - Quebec,2020-04-28,110,76,166,2020-04-21
Canada - Quebec,2020-04-29,107,75,169,2020-04-21
Canada - Quebec,2020-04-30,104,73,169,2020-04-21
Canada - Quebec,2020-05-01,103,76,160,2020-04-21
Canada - Quebec,2020-05-02,103,78,153,2020-04-21
Canada - Quebec,2020-05-03,103,76,150,2020-04-21
Canada - Quebec,2020-05-04,105,74,143,2020-04-21
Canada - Ontario,2020-03-11,1,,,2020-04-21
Canada - Ontario,2020-03-12,0,,,2020-04-21
Canada - Ontario,2020-03-13,0,,,2020-04-21
Canada - Ontario,2020-03-14,0,,,2020-04-21
Canada - Ontario,2020-03-15,0,,,2020-04-21
Canada - Ontario,2020-03-16,0,,,2020-04-21
Canada - Ontario,2020-03-17,0,,,2020-04-21
Canada - Ontario,2020-03-18,0,,,2020-04-21
Canada - Ontario,2020-03-19,1,,,2020-04-21
Canada - Ontario,2020-03-20,0,,,2020-04-21
Canada - Ontario,2020-03-21,1,,,2020-04-21
Canada - Ontario,2020-03-22,3,,,2020-04-21
Canada - Ontario,2020-03-23,0,,,2020-04-21
Canada - Ontario,2020-03-24,2,,,2020-04-21
Canada - Ontario,2020-03-25,5,,,2020-04-21
Canada - Ontario,2020-03-26,2,,,2020-04-21
Canada - Ontario,2020-03-27,3,,,2020-04-21
Canada - Ontario,2020-03-28,1,,,2020-04-21
Canada - Ontario,2020-03-29,4,,,2020-04-21
Canada - Ontario,2020-03-30,11,,,2020-04-21
Canada - Ontario,2020-03-31,24,,,2020-04-21
Canada - Ontario,2020-04-01,13,,,2020-04-21
Canada - Ontario,2020-04-02,14,,,2020-04-21
Canada - Ontario,2020-04-03,18,,,2020-04-21
Canada - Ontario,2020-04-04,30,,,2020-04-21
Canada - Ontario,2020-04-05,8,,,2020-04-21
Canada - Ontario,2020-04-06,21,,,2020-04-21
Canada - Ontario,2020-04-07,27,,,2020-04-21
Canada - Ontario,2020-04-08,22,,,2020-04-21
Canada - Ontario,2020-04-09,22,,,2020-04-21
Canada - Ontario,2020-04-10,36,,,2020-04-21
Canada - Ontario,2020-04-11,21,,,2020-04-21
Canada - Ontario,2020-04-12,13,,,2020-04-21
Canada - Ontario,2020-04-13,30,,,2020-04-21
Canada - Ontario,2020-04-14,65,,,2020-04-21
Canada - Ontario,2020-04-15,48,,,2020-04-21
Canada - Ontario,2020-04-16,53,,,2020-04-21
Canada - Ontario,2020-04-17,35,,,2020-04-21
Canada - Ontario,2020-04-18,38,,,2020-04-21
Canada - Ontario,2020-04-19,31,,,2020-04-21
Canada - Ontario,2020-04-20,49,,,2020-04-21
Canada - Ontario,2020-04-21,59,49,67,2020-04-21
Canada - Ontario,2020-04-22,60,51,73,2020-04-21
Canada - Ontario,2020-04-23,60,48,80,2020-04-21
Canada - Ontario,2020-04-24,59,46,72,2020-04-21
Canada - Ontario,2020-04-25,57,45,78,2020-04-21
Canada - Ontario,2020-04-26,54,43,68,2020-04-21
Canada - Ontario,2020-04-27,52,41,66,2020-04-21
Canada - Ontario,2020-04-28,51,40,64,2020-04-21
Canada - Ontario,2020-04-29,51,39,70,2020-04-21
Canada - Ontario,2020-04-30,50,36,76,2020-04-21
Canada - Ontario,2020-05-01,51,35,74,2020-04-21
Canada - Ontario,2020-05-02,52,34,81,2020-04-21
Canada - Ontario,2020-05-03,52,32,89,2020-04-21
Canada - Ontario,2020-05-04,54,31,87,2020-04-21
Canada - Alberta,2020-03-19,1,,,2020-04-21
Canada - Alberta,2020-03-20,0,,,2020-04-21
Canada - Alberta,2020-03-21,0,,,2020-04-21
Canada - Alberta,2020-03-22,0,,,2020-04-21
Canada - Alberta,2020-03-23,0,,,2020-04-21
Canada - Alberta,2020-03-24,1,,,2020-04-21
Canada - Alberta,2020-03-25,0,,,2020-04-21
Canada - Alberta,2020-03-26,0,,,2020-04-21
Canada - Alberta,2020-03-27,0,,,2020-04-21
Canada - Alberta,2020-03-28,0,,,2020-04-21
Canada - Alberta,2020-03-29,1,,,2020-04-21
Canada - Alberta,2020-03-30,5,,,2020-04-21
Canada - Alberta,2020-03-31,1,,,2020-04-21
Canada - Alberta,2020-04-01,2,,,2020-04-21
Canada - Alberta,2020-04-02,2,,,2020-04-21
Canada - Alberta,2020-04-03,5,,,2020-04-21
Canada - Alberta,2020-04-04,2,,,2020-04-21
Canada - Alberta,2020-04-05,3,,,2020-04-21
Canada - Alberta,2020-04-06,1,,,2020-04-21
Canada - Alberta,2020-04-07,2,,,2020-04-21
Canada - Alberta,2020-04-08,3,,,2020-04-21
Canada - Alberta,2020-04-09,3,,,2020-04-21
Canada - Alberta,2020-04-10,7,,,2020-04-21
Canada - Alberta,2020-04-11,1,,,2020-04-21
Canada - Alberta,2020-04-12,4,,,2020-04-21
Canada - Alberta,2020-04-13,2,,,2020-04-21
Canada - Alberta,2020-04-14,2,,,2020-04-21
Canada - Alberta,2020-04-15,0,,,2020-04-21
Canada - Alberta,2020-04-16,2,,,2020-04-21
Canada - Alberta,2020-04-17,0,,,2020-04-21
Canada - Alberta,2020-04-18,1,,,2020-04-21
Canada - Alberta,2020-04-19,4,,,2020-04-21
Canada - Alberta,2020-04-20,4,,,2020-04-21
Canada - Alberta,2020-04-21,3,2,,2020-04-21
Canada - Alberta,2020-04-22,3,2,,2020-04-21
Canada - Alberta,2020-04-23,2,,3,2020-04-21
Canada - Alberta,2020-04-24,2,,3,2020-04-21
Canada - Alberta,2020-04-25,2,,3,2020-04-21
Canada - Alberta,2020-04-26,2,,3,2020-04-21
Canada - Alberta,2020-04-27,2,,3,2020-04-21
Canada - Alberta,2020-04-28,2,,3,2020-04-21
Canada - Alberta,2020-04-29,2,,4,2020-04-21
Canada - Alberta,2020-04-30,2,,4,2020-04-21
Canada - Alberta,2020-05-01,2,,4,2020-04-21
Canada - Alberta,2020-05-02,3,2,4,2020-04-21
Canada - Alberta,2020-05-03,3,2,4,2020-04-21
Canada - Alberta,2020-05-04,3,2,4,2020-04-21
Canada - British Columbia,2020-03-08,1,,,2020-04-21
Canada - British Columbia,2020-03-09,0,,,2020-04-21
Canada - British Columbia,2020-03-10,0,,,2020-04-21
Canada - British Columbia,2020-03-11,0,,,2020-04-21
Canada - British Columbia,2020-03-12,0,,,2020-04-21
Canada - British Columbia,2020-03-13,0,,,2020-04-21
Canada - British Columbia,2020-03-14,0,,,2020-04-21
Canada - British Columbia,2020-03-15,0,,,2020-04-21
Canada - British Columbia,2020-03-16,3,,,2020-04-21
Canada - British Columbia,2020-03-17,3,,,2020-04-21
Canada - British Columbia,2020-03-18,0,,,2020-04-21
Canada - British Columbia,2020-03-19,1,,,2020-04-21
Canada - British Columbia,2020-03-20,1,,,2020-04-21
Canada - British Columbia,2020-03-21,1,,,2020-04-21
Canada - British Columbia,2020-03-22,0,,,2020-04-21
Canada - British Columbia,2020-03-23,3,,,2020-04-21
Canada - British Columbia,2020-03-24,0,,,2020-04-21
Canada - British Columbia,2020-03-25,1,,,2020-04-21
Canada - British Columbia,2020-03-26,0,,,2020-04-21
Canada - British Columbia,2020-03-27,2,,,2020-04-21
Canada - British Columbia,2020-03-28,1,,,2020-04-21
Canada - British Columbia,2020-03-29,0,,,2020-04-21
Canada - British Columbia,2020-03-30,2,,,2020-04-21
Canada - British Columbia,2020-03-31,5,,,2020-04-21
Canada - British Columbia,2020-04-01,1,,,2020-04-21
Canada - British Columbia,2020-04-02,6,,,2020-04-21
Canada - British Columbia,2020-04-03,4,,,2020-04-21
Canada - British Columbia,2020-04-04,3,,,2020-04-21
Canada - British Columbia,2020-04-05,0,,,2020-04-21
Canada - British Columbia,2020-04-06,1,,,2020-04-21
Canada - British Columbia,2020-04-07,4,,,2020-04-21
Canada - British Columbia,2020-04-08,5,,,2020-04-21
Canada - British Columbia,2020-04-09,2,,,2020-04-21
Canada - British Columbia,2020-04-10,5,,,2020-04-21
Canada - British Columbia,2020-04-11,3,,,2020-04-21
Canada - British Columbia,2020-04-12,0,,,2020-04-21
Canada - British Columbia,2020-04-13,11,,,2020-04-21
Canada - British Columbia,2020-04-14,3,,,2020-04-21
Canada - British Columbia,2020-04-15,3,,,2020-04-21
Canada - British Columbia,2020-04-16,2,,,2020-04-21
Canada - British Columbia,2020-04-17,1,,,2020-04-21
Canada - British Columbia,2020-04-18,3,,,2020-04-21
Canada - British Columbia,2020-04-19,0,,,2020-04-21
Canada - British Columbia,2020-04-20,5,,,2020-04-21
Canada - British Columbia,2020-04-21,4,3,,2020-04-21
Canada - British Columbia,2020-04-22,4,3,,2020-04-21
Canada - British Columbia,2020-04-23,4,3,,2020-04-21
Canada - British Columbia,2020-04-24,4,3,,2020-04-21
Canada - British Columbia,2020-04-25,4,3,,2020-04-21
Canada - British Columbia,2020-04-26,4,3,5,2020-04-21
Canada - British Columbia,2020-04-27,4,3,5,2020-04-21
Canada - British Columbia,2020-04-28,4,3,5,2020-04-21
Canada - British Columbia,2020-04-29,4,3,5,2020-04-21
Canada - British Columbia,2020-04-30,4,3,6,2020-04-21
Canada - British Columbia,2020-05-01,4,3,6,2020-04-21
Canada - British Columbia,2020-05-02,4,3,6,2020-04-21
Canada - British Columbia,2020-05-03,4,3,6,2020-04-21
Canada - British Columbia,2020-05-04,4,3,7,2020-04-21
Canada,2020-03-08,1,,,2020-04-22
Canada,2020-03-09,0,,,2020-04-22
Canada,2020-03-10,0,,,2020-04-22
Canada,2020-03-11,1,,,2020-04-22
Canada,2020-03-12,0,,,2020-04-22
Canada,2020-03-13,0,,,2020-04-22
Canada,2020-03-14,0,,,2020-04-22
Canada,2020-03-15,0,,,2020-04-22
Canada,2020-03-16,3,,,2020-04-22
Canada,2020-03-17,3,,,2020-04-22
Canada,2020-03-18,1,,,2020-04-22
Canada,2020-03-19,3,,,2020-04-22
Canada,2020-03-20,1,,,2020-04-22
Canada,2020-03-21,5,,,2020-04-22
Canada,2020-03-22,3,,,2020-04-22
Canada,2020-03-23,3,,,2020-04-22
Canada,2020-03-24,3,,,2020-04-22
Canada,2020-03-25,8,,,2020-04-22
Canada,2020-03-26,4,,,2020-04-22
Canada,2020-03-27,16,,,2020-04-22
Canada,2020-03-28,6,,,2020-04-22
Canada,2020-03-29,5,,,2020-04-22
Canada,2020-03-30,24,,,2020-04-22
Canada,2020-03-31,36,,,2020-04-22
Canada,2020-04-01,19,,,2020-04-22
Canada,2020-04-02,25,,,2020-04-22
Canada,2020-04-03,53,,,2020-04-22
Canada,2020-04-04,49,,,2020-04-22
Canada,2020-04-05,30,,,2020-04-22
Canada,2020-04-06,51,,,2020-04-22
Canada,2020-04-07,64,,,2020-04-22
Canada,2020-04-08,55,,,2020-04-22
Canada,2020-04-09,69,,,2020-04-22
Canada,2020-04-10,75,,,2020-04-22
Canada,2020-04-11,74,,,2020-04-22
Canada,2020-04-12,56,,,2020-04-22
Canada,2020-04-13,76,,,2020-04-22
Canada,2020-04-14,145,,,2020-04-22
Canada,2020-04-15,104,,,2020-04-22
Canada,2020-04-16,179,,,2020-04-22
Canada,2020-04-17,116,,,2020-04-22
Canada,2020-04-18,162,,,2020-04-22
Canada,2020-04-19,109,,,2020-04-22
Canada,2020-04-20,121,,,2020-04-22
Canada,2020-04-21,152,,,2020-04-22
Canada,2020-04-22,189,152,211,2020-04-22
Canada,2020-04-23,190,158,228,2020-04-22
Canada,2020-04-24,192,154,238,2020-04-22
Canada,2020-04-25,192,148,236,2020-04-22
Canada,2020-04-26,193,141,237,2020-04-22
Canada,2020-04-27,191,142,253,2020-04-22
Canada,2020-04-28,189,130,274,2020-04-22
Canada,2020-04-29,190,129,297,2020-04-22
Canada,2020-04-30,193,129,321,2020-04-22
Canada,2020-05-01,197,127,348,2020-04-22
Canada,2020-05-02,203,125,377,2020-04-22
Canada,2020-05-03,211,122,408,2020-04-22
Canada,2020-05-04,218,109,442,2020-04-22
Canada,2020-05-05,227,103,478,2020-04-22
Canada - Quebec,2020-03-18,1,,,2020-04-22
Canada - Quebec,2020-03-19,0,,,2020-04-22
Canada - Quebec,2020-03-20,0,,,2020-04-22
Canada - Quebec,2020-03-21,3,,,2020-04-22
Canada - Quebec,2020-03-22,0,,,2020-04-22
Canada - Quebec,2020-03-23,0,,,2020-04-22
Canada - Quebec,2020-03-24,0,,,2020-04-22
Canada - Quebec,2020-03-25,2,,,2020-04-22
Canada - Quebec,2020-03-26,2,,,2020-04-22
Canada - Quebec,2020-03-27,10,,,2020-04-22
Canada - Quebec,2020-03-28,4,,,2020-04-22
Canada - Quebec,2020-03-29,0,,,2020-04-22
Canada - Quebec,2020-03-30,3,,,2020-04-22
Canada - Quebec,2020-03-31,6,,,2020-04-22
Canada - Quebec,2020-04-01,2,,,2020-04-22
Canada - Quebec,2020-04-02,3,,,2020-04-22
Canada - Quebec,2020-04-03,25,,,2020-04-22
Canada - Quebec,2020-04-04,14,,,2020-04-22
Canada - Quebec,2020-04-05,19,,,2020-04-22
Canada - Quebec,2020-04-06,27,,,2020-04-22
Canada - Quebec,2020-04-07,29,,,2020-04-22
Canada - Quebec,2020-04-08,25,,,2020-04-22
Canada - Quebec,2020-04-09,41,,,2020-04-22
Canada - Quebec,2020-04-10,25,,,2020-04-22
Canada - Quebec,2020-04-11,48,,,2020-04-22
Canada - Quebec,2020-04-12,39,,,2020-04-22
Canada - Quebec,2020-04-13,32,,,2020-04-22
Canada - Quebec,2020-04-14,75,,,2020-04-22
Canada - Quebec,2020-04-15,52,,,2020-04-22
Canada - Quebec,2020-04-16,122,,,2020-04-22
Canada - Quebec,2020-04-17,79,,,2020-04-22
Canada - Quebec,2020-04-18,117,,,2020-04-22
Canada - Quebec,2020-04-19,72,,,2020-04-22
Canada - Quebec,2020-04-20,62,,,2020-04-22
Canada - Quebec,2020-04-21,102,,,2020-04-22
Canada - Quebec,2020-04-22,127,95,144,2020-04-22
Canada - Quebec,2020-04-23,130,86,158,2020-04-22
Canada - Quebec,2020-04-24,131,94,163,2020-04-22
Canada - Quebec,2020-04-25,132,90,178,2020-04-22
Canada - Quebec,2020-04-26,135,89,191,2020-04-22
Canada - Quebec,2020-04-27,136,85,208,2020-04-22
Canada - Quebec,2020-04-28,136,85,224,2020-04-22
Canada - Quebec,2020-04-29,135,84,228,2020-04-22
Canada - Quebec,2020-04-30,134,83,231,2020-04-22
Canada - Quebec,2020-05-01,133,78,232,2020-04-22
Canada - Quebec,2020-05-02,135,81,248,2020-04-22
Canada - Quebec,2020-05-03,139,84,268,2020-04-22
Canada - Quebec,2020-05-04,143,84,291,2020-04-22
Canada - Quebec,2020-05-05,148,82,315,2020-04-22
Canada - Ontario,2020-03-11,1,,,2020-04-22
Canada - Ontario,2020-03-12,0,,,2020-04-22
Canada - Ontario,2020-03-13,0,,,2020-04-22
Canada - Ontario,2020-03-14,0,,,2020-04-22
Canada - Ontario,2020-03-15,0,,,2020-04-22
Canada - Ontario,2020-03-16,0,,,2020-04-22
Canada - Ontario,2020-03-17,0,,,2020-04-22
Canada - Ontario,2020-03-18,0,,,2020-04-22
Canada - Ontario,2020-03-19,1,,,2020-04-22
Canada - Ontario,2020-03-20,0,,,2020-04-22
Canada - Ontario,2020-03-21,1,,,2020-04-22
Canada - Ontario,2020-03-22,3,,,2020-04-22
Canada - Ontario,2020-03-23,0,,,2020-04-22
Canada - Ontario,2020-03-24,2,,,2020-04-22
Canada - Ontario,2020-03-25,5,,,2020-04-22
Canada - Ontario,2020-03-26,2,,,2020-04-22
Canada - Ontario,2020-03-27,3,,,2020-04-22
Canada - Ontario,2020-03-28,1,,,2020-04-22
Canada - Ontario,2020-03-29,4,,,2020-04-22
Canada - Ontario,2020-03-30,11,,,2020-04-22
Canada - Ontario,2020-03-31,24,,,2020-04-22
Canada - Ontario,2020-04-01,13,,,2020-04-22
Canada - Ontario,2020-04-02,14,,,2020-04-22
Canada - Ontario,2020-04-03,18,,,2020-04-22
Canada - Ontario,2020-04-04,30,,,2020-04-22
Canada - Ontario,2020-04-05,8,,,2020-04-22
Canada - Ontario,2020-04-06,21,,,2020-04-22
Canada - Ontario,2020-04-07,27,,,2020-04-22
Canada - Ontario,2020-04-08,22,,,2020-04-22
Canada - Ontario,2020-04-09,22,,,2020-04-22
Canada - Ontario,2020-04-10,36,,,2020-04-22
Canada - Ontario,2020-04-11,21,,,2020-04-22
Canada - Ontario,2020-04-12,13,,,2020-04-22
Canada - Ontario,2020-04-13,30,,,2020-04-22
Canada - Ontario,2020-04-14,65,,,2020-04-22
Canada - Ontario,2020-04-15,48,,,2020-04-22
Canada - Ontario,2020-04-16,53,,,2020-04-22
Canada - Ontario,2020-04-17,35,,,2020-04-22
Canada - Ontario,2020-04-18,38,,,2020-04-22
Canada - Ontario,2020-04-19,31,,,2020-04-22
Canada - Ontario,2020-04-20,49,,,2020-04-22
Canada - Ontario,2020-04-21,46,,,2020-04-22
Canada - Ontario,2020-04-22,64,54,72,2020-04-22
Canada - Ontario,2020-04-23,64,57,78,2020-04-22
Canada - Ontario,2020-04-24,66,55,86,2020-04-22
Canada - Ontario,2020-04-25,66,54,77,2020-04-22
Canada - Ontario,2020-04-26,66,50,84,2020-04-22
Canada - Ontario,2020-04-27,65,48,88,2020-04-22
Canada - Ontario,2020-04-28,64,46,95,2020-04-22
Canada - Ontario,2020-04-29,65,43,103,2020-04-22
Canada - Ontario,2020-04-30,66,43,112,2020-04-22
Canada - Ontario,2020-05-01,68,42,121,2020-04-22
Canada - Ontario,2020-05-02,70,41,131,2020-04-22
Canada - Ontario,2020-05-03,73,36,142,2020-04-22
Canada - Ontario,2020-05-04,75,35,154,2020-04-22
Canada - Ontario,2020-05-05,79,34,166,2020-04-22
Canada - Alberta,2020-03-19,1,,,2020-04-22
Canada - Alberta,2020-03-20,0,,,2020-04-22
Canada - Alberta,2020-03-21,0,,,2020-04-22
Canada - Alberta,2020-03-22,0,,,2020-04-22
Canada - Alberta,2020-03-23,0,,,2020-04-22
Canada - Alberta,2020-03-24,1,,,2020-04-22
Canada - Alberta,2020-03-25,0,,,2020-04-22
Canada - Alberta,2020-03-26,0,,,2020-04-22
Canada - Alberta,2020-03-27,0,,,2020-04-22
Canada - Alberta,2020-03-28,0,,,2020-04-22
Canada - Alberta,2020-03-29,1,,,2020-04-22
Canada - Alberta,2020-03-30,5,,,2020-04-22
Canada - Alberta,2020-03-31,1,,,2020-04-22
Canada - Alberta,2020-04-01,2,,,2020-04-22
Canada - Alberta,2020-04-02,2,,,2020-04-22
Canada - Alberta,2020-04-03,5,,,2020-04-22
Canada - Alberta,2020-04-04,2,,,2020-04-22
Canada - Alberta,2020-04-05,3,,,2020-04-22
Canada - Alberta,2020-04-06,1,,,2020-04-22
Canada - Alberta,2020-04-07,2,,,2020-04-22
Canada - Alberta,2020-04-08,3,,,2020-04-22
Canada - Alberta,2020-04-09,3,,,2020-04-22
Canada - Alberta,2020-04-10,7,,,2020-04-22
Canada - Alberta,2020-04-11,1,,,2020-04-22
Canada - Alberta,2020-04-12,4,,,2020-04-22
Canada - Alberta,2020-04-13,2,,,2020-04-22
Canada - Alberta,2020-04-14,2,,,2020-04-22
Canada - Alberta,2020-04-15,0,,,2020-04-22
Canada - Alberta,2020-04-16,2,,,2020-04-22
Canada - Alberta,2020-04-17,0,,,2020-04-22
Canada - Alberta,2020-04-18,1,,,2020-04-22
Canada - Alberta,2020-04-19,4,,,2020-04-22
Canada - Alberta,2020-04-20,4,,,2020-04-22
Canada - Alberta,2020-04-21,2,,,2020-04-22
Canada - Alberta,2020-04-22,3,2,5,2020-04-22
Canada - Alberta,2020-04-23,3,2,5,2020-04-22
Canada - Alberta,2020-04-24,3,2,6,2020-04-22
Canada - Alberta,2020-04-25,3,2,6,2020-04-22
Canada - Alberta,2020-04-26,3,2,7,2020-04-22
Canada - Alberta,2020-04-27,3,2,8,2020-04-22
Canada - Alberta,2020-04-28,3,2,8,2020-04-22
Canada - Alberta,2020-04-29,4,2,9,2020-04-22
Canada - Alberta,2020-04-30,4,2,10,2020-04-22
Canada - Alberta,2020-05-01,4,2,10,2020-04-22
Canada - Alberta,2020-05-02,4,2,11,2020-04-22
Canada - Alberta,2020-05-03,4,2,12,2020-04-22
Canada - Alberta,2020-05-04,5,2,13,2020-04-22
Canada - Alberta,2020-05-05,5,1,14,2020-04-22
Canada - British Columbia,2020-03-08,1,,,2020-04-22
Canada - British Columbia,2020-03-09,0,,,2020-04-22
Canada - British Columbia,2020-03-10,0,,,2020-04-22
Canada - British Columbia,2020-03-11,0,,,2020-04-22
Canada - British Columbia,2020-03-12,0,,,2020-04-22
Canada - British Columbia,2020-03-13,0,,,2020-04-22
Canada - British Columbia,2020-03-14,0,,,2020-04-22
Canada - British Columbia,2020-03-15,0,,,2020-04-22
Canada - British Columbia,2020-03-16,3,,,2020-04-22
Canada - British Columbia,2020-03-17,3,,,2020-04-22
Canada - British Columbia,2020-03-18,0,,,2020-04-22
Canada - British Columbia,2020-03-19,1,,,2020-04-22
Canada - British Columbia,2020-03-20,1,,,2020-04-22
Canada - British Columbia,2020-03-21,1,,,2020-04-22
Canada - British Columbia,2020-03-22,0,,,2020-04-22
Canada - British Columbia,2020-03-23,3,,,2020-04-22
Canada - British Columbia,2020-03-24,0,,,2020-04-22
Canada - British Columbia,2020-03-25,1,,,2020-04-22
Canada - British Columbia,2020-03-26,0,,,2020-04-22
Canada - British Columbia,2020-03-27,2,,,2020-04-22
Canada - British Columbia,2020-03-28,1,,,2020-04-22
Canada - British Columbia,2020-03-29,0,,,2020-04-22
Canada - British Columbia,2020-03-30,2,,,2020-04-22
Canada - British Columbia,2020-03-31,5,,,2020-04-22
Canada - British Columbia,2020-04-01,1,,,2020-04-22
Canada - British Columbia,2020-04-02,6,,,2020-04-22
Canada - British Columbia,2020-04-03,4,,,2020-04-22
Canada - British Columbia,2020-04-04,3,,,2020-04-22
Canada - British Columbia,2020-04-05,0,,,2020-04-22
Canada - British Columbia,2020-04-06,1,,,2020-04-22
Canada - British Columbia,2020-04-07,4,,,2020-04-22
Canada - British Columbia,2020-04-08,5,,,2020-04-22
Canada - British Columbia,2020-04-09,2,,,2020-04-22
Canada - British Columbia,2020-04-10,5,,,2020-04-22
Canada - British Columbia,2020-04-11,3,,,2020-04-22
Canada - British Columbia,2020-04-12,0,,,2020-04-22
Canada - British Columbia,2020-04-13,11,,,2020-04-22
Canada - British Columbia,2020-04-14,3,,,2020-04-22
Canada - British Columbia,2020-04-15,3,,,2020-04-22
Canada - British Columbia,2020-04-16,2,,,2020-04-22
Canada - British Columbia,2020-04-17,1,,,2020-04-22
Canada - British Columbia,2020-04-18,3,,,2020-04-22
Canada - British Columbia,2020-04-19,0,,,2020-04-22
Canada - British Columbia,2020-04-20,5,,,2020-04-22
Canada - British Columbia,2020-04-21,1,,,2020-04-22
Canada - British Columbia,2020-04-22,4,3,7,2020-04-22
Canada - British Columbia,2020-04-23,5,3,8,2020-04-22
Canada - British Columbia,2020-04-24,5,3,8,2020-04-22
Canada - British Columbia,2020-04-25,5,3,9,2020-04-22
Canada - British Columbia,2020-04-26,5,3,10,2020-04-22
Canada - British Columbia,2020-04-27,5,3,11,2020-04-22
Canada - British Columbia,2020-04-28,5,3,12,2020-04-22
Canada - British Columbia,2020-04-29,5,3,13,2020-04-22
Canada - British Columbia,2020-04-30,6,3,14,2020-04-22
Canada - British Columbia,2020-05-01,6,3,15,2020-04-22
Canada - British Columbia,2020-05-02,6,3,16,2020-04-22
Canada - British Columbia,2020-05-03,7,3,17,2020-04-22
Canada - British Columbia,2020-05-04,7,3,19,2020-04-22
Canada - British Columbia,2020-05-05,7,3,20,2020-04-22
Canada,2020-03-08,1,,,2020-04-23
Canada,2020-03-09,0,,,2020-04-23
Canada,2020-03-10,0,,,2020-04-23
Canada,2020-03-11,1,,,2020-04-23
Canada,2020-03-12,0,,,2020-04-23
Canada,2020-03-13,0,,,2020-04-23
Canada,2020-03-14,0,,,2020-04-23
Canada,2020-03-15,0,,,2020-04-23
Canada,2020-03-16,3,,,2020-04-23
Canada,2020-03-17,3,,,2020-04-23
Canada,2020-03-18,1,,,2020-04-23
Canada,2020-03-19,3,,,2020-04-23
Canada,2020-03-20,1,,,2020-04-23
Canada,2020-03-21,5,,,2020-04-23
Canada,2020-03-22,3,,,2020-04-23
Canada,2020-03-23,3,,,2020-04-23
Canada,2020-03-24,3,,,2020-04-23
Canada,2020-03-25,8,,,2020-04-23
Canada,2020-03-26,4,,,2020-04-23
Canada,2020-03-27,16,,,2020-04-23
Canada,2020-03-28,6,,,2020-04-23
Canada,2020-03-29,5,,,2020-04-23
Canada,2020-03-30,24,,,2020-04-23
Canada,2020-03-31,36,,,2020-04-23
Canada,2020-04-01,19,,,2020-04-23
Canada,2020-04-02,25,,,2020-04-23
Canada,2020-04-03,53,,,2020-04-23
Canada,2020-04-04,49,,,2020-04-23
Canada,2020-04-05,30,,,2020-04-23
Canada,2020-04-06,51,,,2020-04-23
Canada,2020-04-07,64,,,2020-04-23
Canada,2020-04-08,55,,,2020-04-23
Canada,2020-04-09,69,,,2020-04-23
Canada,2020-04-10,75,,,2020-04-23
Canada,2020-04-11,74,,,2020-04-23
Canada,2020-04-12,56,,,2020-04-23
Canada,2020-04-13,76,,,2020-04-23
Canada,2020-04-14,145,,,2020-04-23
Canada,2020-04-15,104,,,2020-04-23
Canada,2020-04-16,179,,,2020-04-23
Canada,2020-04-17,116,,,2020-04-23
Canada,2020-04-18,162,,,2020-04-23
Canada,2020-04-19,109,,,2020-04-23
Canada,2020-04-20,121,,,2020-04-23
Canada,2020-04-21,152,,,2020-04-23
Canada,2020-04-22,163,,,2020-04-23
Canada,2020-04-23,203,161,226,2020-04-23
Canada,2020-04-24,205,170,247,2020-04-23
Canada,2020-04-25,206,163,253,2020-04-23
Canada,2020-04-26,207,160,256,2020-04-23
Canada,2020-04-27,204,148,257,2020-04-23
Canada,2020-04-28,201,142,271,2020-04-23
Canada,2020-04-29,199,137,285,2020-04-23
Canada,2020-04-30,200,131,307,2020-04-23
Canada,2020-05-01,203,131,332,2020-04-23
Canada,2020-05-02,205,137,358,2020-04-23
Canada,2020-05-03,212,135,387,2020-04-23
Canada,2020-05-04,220,132,417,2020-04-23
Canada,2020-05-05,226,118,451,2020-04-23
Canada,2020-05-06,236,112,486,2020-04-23
Canada - Quebec,2020-03-18,1,,,2020-04-23
Canada - Quebec,2020-03-19,0,,,2020-04-23
Canada - Quebec,2020-03-20,0,,,2020-04-23
Canada - Quebec,2020-03-21,3,,,2020-04-23
Canada - Quebec,2020-03-22,0,,,2020-04-23
Canada - Quebec,2020-03-23,0,,,2020-04-23
Canada - Quebec,2020-03-24,0,,,2020-04-23
Canada - Quebec,2020-03-25,2,,,2020-04-23
Canada - Quebec,2020-03-26,2,,,2020-04-23
Canada - Quebec,2020-03-27,10,,,2020-04-23
Canada - Quebec,2020-03-28,4,,,2020-04-23
Canada - Quebec,2020-03-29,0,,,2020-04-23
Canada - Quebec,2020-03-30,3,,,2020-04-23
Canada - Quebec,2020-03-31,6,,,2020-04-23
Canada - Quebec,2020-04-01,2,,,2020-04-23
Canada - Quebec,2020-04-02,3,,,2020-04-23
Canada - Quebec,2020-04-03,25,,,2020-04-23
Canada - Quebec,2020-04-04,14,,,2020-04-23
Canada - Quebec,2020-04-05,19,,,2020-04-23
Canada - Quebec,2020-04-06,27,,,2020-04-23
Canada - Quebec,2020-04-07,29,,,2020-04-23
Canada - Quebec,2020-04-08,25,,,2020-04-23
Canada - Quebec,2020-04-09,41,,,2020-04-23
Canada - Quebec,2020-04-10,25,,,2020-04-23
Canada - Quebec,2020-04-11,48,,,2020-04-23
Canada - Quebec,2020-04-12,39,,,2020-04-23
Canada - Quebec,2020-04-13,32,,,2020-04-23
Canada - Quebec,2020-04-14,75,,,2020-04-23
Canada - Quebec,2020-04-15,52,,,2020-04-23
Canada - Quebec,2020-04-16,122,,,2020-04-23
Canada - Quebec,2020-04-17,79,,,2020-04-23
Canada - Quebec,2020-04-18,117,,,2020-04-23
Canada - Quebec,2020-04-19,72,,,2020-04-23
Canada - Quebec,2020-04-20,62,,,2020-04-23
Canada - Quebec,2020-04-21,102,,,2020-04-23
Canada - Quebec,2020-04-22,93,,,2020-04-23
Canada - Quebec,2020-04-23,139,104,156,2020-04-23
Canada - Quebec,2020-04-24,143,94,172,2020-04-23
Canada - Quebec,2020-04-25,144,102,187,2020-04-23
Canada - Quebec,2020-04-26,146,98,193,2020-04-23
Canada - Quebec,2020-04-27,149,97,208,2020-04-23
Canada - Quebec,2020-04-28,150,92,226,2020-04-23
Canada - Quebec,2020-04-29,150,93,243,2020-04-23
Canada - Quebec,2020-04-30,150,94,249,2020-04-23
Canada - Quebec,2020-05-01,147,93,251,2020-04-23
Canada - Quebec,2020-05-02,146,93,252,2020-04-23
Canada - Quebec,2020-05-03,148,94,266,2020-04-23
Canada - Quebec,2020-05-04,151,93,280,2020-04-23
Canada - Quebec,2020-05-05,155,91,302,2020-04-23
Canada - Quebec,2020-05-06,161,90,326,2020-04-23
Canada - Ontario,2020-03-11,1,,,2020-04-23
Canada - Ontario,2020-03-12,0,,,2020-04-23
Canada - Ontario,2020-03-13,0,,,2020-04-23
Canada - Ontario,2020-03-14,0,,,2020-04-23
Canada - Ontario,2020-03-15,0,,,2020-04-23
Canada - Ontario,2020-03-16,0,,,2020-04-23
Canada - Ontario,2020-03-17,0,,,2020-04-23
Canada - Ontario,2020-03-18,0,,,2020-04-23
Canada - Ontario,2020-03-19,1,,,2020-04-23
Canada - Ontario,2020-03-20,0,,,2020-04-23
Canada - Ontario,2020-03-21,1,,,2020-04-23
Canada - Ontario,2020-03-22,3,,,2020-04-23
Canada - Ontario,2020-03-23,0,,,2020-04-23
Canada - Ontario,2020-03-24,2,,,2020-04-23
Canada - Ontario,2020-03-25,5,,,2020-04-23
Canada - Ontario,2020-03-26,2,,,2020-04-23
Canada - Ontario,2020-03-27,3,,,2020-04-23
Canada - Ontario,2020-03-28,1,,,2020-04-23
Canada - Ontario,2020-03-29,4,,,2020-04-23
Canada - Ontario,2020-03-30,11,,,2020-04-23
Canada - Ontario,2020-03-31,24,,,2020-04-23
Canada - Ontario,2020-04-01,13,,,2020-04-23
Canada - Ontario,2020-04-02,14,,,2020-04-23
Canada - Ontario,2020-04-03,18,,,2020-04-23
Canada - Ontario,2020-04-04,30,,,2020-04-23
Canada - Ontario,2020-04-05,8,,,2020-04-23
Canada - Ontario,2020-04-06,21,,,2020-04-23
Canada - Ontario,2020-04-07,27,,,2020-04-23
Canada - Ontario,2020-04-08,22,,,2020-04-23
Canada - Ontario,2020-04-09,22,,,2020-04-23
Canada - Ontario,2020-04-10,36,,,2020-04-23
Canada - Ontario,2020-04-11,21,,,2020-04-23
Canada - Ontario,2020-04-12,13,,,2020-04-23
Canada - Ontario,2020-04-13,30,,,2020-04-23
Canada - Ontario,2020-04-14,65,,,2020-04-23
Canada - Ontario,2020-04-15,48,,,2020-04-23
Canada - Ontario,2020-04-16,53,,,2020-04-23
Canada - Ontario,2020-04-17,35,,,2020-04-23
Canada - Ontario,2020-04-18,38,,,2020-04-23
Canada - Ontario,2020-04-19,31,,,2020-04-23
Canada - Ontario,2020-04-20,49,,,2020-04-23
Canada - Ontario,2020-04-21,46,,,2020-04-23
Canada - Ontario,2020-04-22,60,,,2020-04-23
Canada - Ontario,2020-04-23,69,57,78,2020-04-23
Canada - Ontario,2020-04-24,70,62,85,2020-04-23
Canada - Ontario,2020-04-25,71,56,93,2020-04-23
Canada - Ontario,2020-04-26,71,58,83,2020-04-23
Canada - Ontario,2020-04-27,70,52,91,2020-04-23
Canada - Ontario,2020-04-28,69,48,91,2020-04-23
Canada - Ontario,2020-04-29,69,48,99,2020-04-23
Canada - Ontario,2020-04-30,69,47,106,2020-04-23
Canada - Ontario,2020-05-01,71,46,115,2020-04-23
Canada - Ontario,2020-05-02,72,45,124,2020-04-23
Canada - Ontario,2020-05-03,75,44,134,2020-04-23
Canada - Ontario,2020-05-04,78,39,144,2020-04-23
Canada - Ontario,2020-05-05,80,37,156,2020-04-23
Canada - Ontario,2020-05-06,84,36,168,2020-04-23
Canada - Alberta,2020-03-19,1,,,2020-04-23
Canada - Alberta,2020-03-20,0,,,2020-04-23
Canada - Alberta,2020-03-21,0,,,2020-04-23
Canada - Alberta,2020-03-22,0,,,2020-04-23
Canada - Alberta,2020-03-23,0,,,2020-04-23
Canada - Alberta,2020-03-24,1,,,2020-04-23
Canada - Alberta,2020-03-25,0,,,2020-04-23
Canada - Alberta,2020-03-26,0,,,2020-04-23
Canada - Alberta,2020-03-27,0,,,2020-04-23
Canada - Alberta,2020-03-28,0,,,2020-04-23
Canada - Alberta,2020-03-29,1,,,2020-04-23
Canada - Alberta,2020-03-30,5,,,2020-04-23
Canada - Alberta,2020-03-31,1,,,2020-04-23
Canada - Alberta,2020-04-01,2,,,2020-04-23
Canada - Alberta,2020-04-02,2,,,2020-04-23
Canada - Alberta,2020-04-03,5,,,2020-04-23
Canada - Alberta,2020-04-04,2,,,2020-04-23
Canada - Alberta,2020-04-05,3,,,2020-04-23
Canada - Alberta,2020-04-06,1,,,2020-04-23
Canada - Alberta,2020-04-07,2,,,2020-04-23
Canada - Alberta,2020-04-08,3,,,2020-04-23
Canada - Alberta,2020-04-09,3,,,2020-04-23
Canada - Alberta,2020-04-10,7,,,2020-04-23
Canada - Alberta,2020-04-11,1,,,2020-04-23
Canada - Alberta,2020-04-12,4,,,2020-04-23
Canada - Alberta,2020-04-13,2,,,2020-04-23
Canada - Alberta,2020-04-14,2,,,2020-04-23
Canada - Alberta,2020-04-15,0,,,2020-04-23
Canada - Alberta,2020-04-16,2,,,2020-04-23
Canada - Alberta,2020-04-17,0,,,2020-04-23
Canada - Alberta,2020-04-18,1,,,2020-04-23
Canada - Alberta,2020-04-19,4,,,2020-04-23
Canada - Alberta,2020-04-20,4,,,2020-04-23
Canada - Alberta,2020-04-21,2,,,2020-04-23
Canada - Alberta,2020-04-22,5,,,2020-04-23
Canada - Alberta,2020-04-23,3,2,,2020-04-23
Canada - Alberta,2020-04-24,3,2,,2020-04-23
Canada - Alberta,2020-04-25,3,2,,2020-04-23
Canada - Alberta,2020-04-26,3,2,,2020-04-23
Canada - Alberta,2020-04-27,2,,3,2020-04-23
Canada - Alberta,2020-04-28,2,,3,2020-04-23
Canada - Alberta,2020-04-29,2,,3,2020-04-23
Canada - Alberta,2020-04-30,3,2,4,2020-04-23
Canada - Alberta,2020-05-01,3,2,4,2020-04-23
Canada - Alberta,2020-05-02,3,2,4,2020-04-23
Canada - Alberta,2020-05-03,3,2,4,2020-04-23
Canada - Alberta,2020-05-04,3,2,4,2020-04-23
Canada - Alberta,2020-05-05,3,2,4,2020-04-23
Canada - Alberta,2020-05-06,3,2,4,2020-04-23
Canada - British Columbia,2020-03-08,1,,,2020-04-23
Canada - British Columbia,2020-03-09,0,,,2020-04-23
Canada - British Columbia,2020-03-10,0,,,2020-04-23
Canada - British Columbia,2020-03-11,0,,,2020-04-23
Canada - British Columbia,2020-03-12,0,,,2020-04-23
Canada - British Columbia,2020-03-13,0,,,2020-04-23
Canada - British Columbia,2020-03-14,0,,,2020-04-23
Canada - British Columbia,2020-03-15,0,,,2020-04-23
Canada - British Columbia,2020-03-16,3,,,2020-04-23
Canada - British Columbia,2020-03-17,3,,,2020-04-23
Canada - British Columbia,2020-03-18,0,,,2020-04-23
Canada - British Columbia,2020-03-19,1,,,2020-04-23
Canada - British Columbia,2020-03-20,1,,,2020-04-23
Canada - British Columbia,2020-03-21,1,,,2020-04-23
Canada - British Columbia,2020-03-22,0,,,2020-04-23
Canada - British Columbia,2020-03-23,3,,,2020-04-23
Canada - British Columbia,2020-03-24,0,,,2020-04-23
Canada - British Columbia,2020-03-25,1,,,2020-04-23
Canada - British Columbia,2020-03-26,0,,,2020-04-23
Canada - British Columbia,2020-03-27,2,,,2020-04-23
Canada - British Columbia,2020-03-28,1,,,2020-04-23
Canada - British Columbia,2020-03-29,0,,,2020-04-23
Canada - British Columbia,2020-03-30,2,,,2020-04-23
Canada - British Columbia,2020-03-31,5,,,2020-04-23
Canada - British Columbia,2020-04-01,1,,,2020-04-23
Canada - British Columbia,2020-04-02,6,,,2020-04-23
Canada - British Columbia,2020-04-03,4,,,2020-04-23
Canada - British Columbia,2020-04-04,3,,,2020-04-23
Canada - British Columbia,2020-04-05,0,,,2020-04-23
Canada - British Columbia,2020-04-06,1,,,2020-04-23
Canada - British Columbia,2020-04-07,4,,,2020-04-23
Canada - British Columbia,2020-04-08,5,,,2020-04-23
Canada - British Columbia,2020-04-09,2,,,2020-04-23
Canada - British Columbia,2020-04-10,5,,,2020-04-23
Canada - British Columbia,2020-04-11,3,,,2020-04-23
Canada - British Columbia,2020-04-12,0,,,2020-04-23
Canada - British Columbia,2020-04-13,11,,,2020-04-23
Canada - British Columbia,2020-04-14,3,,,2020-04-23
Canada - British Columbia,2020-04-15,3,,,2020-04-23
Canada - British Columbia,2020-04-16,2,,,2020-04-23
Canada - British Columbia,2020-04-17,1,,,2020-04-23
Canada - British Columbia,2020-04-18,3,,,2020-04-23
Canada - British Columbia,2020-04-19,0,,,2020-04-23
Canada - British Columbia,2020-04-20,5,,,2020-04-23
Canada - British Columbia,2020-04-21,1,,,2020-04-23
Canada - British Columbia,2020-04-22,3,,,2020-04-23
Canada - British Columbia,2020-04-23,3,2,4,2020-04-23
Canada - British Columbia,2020-04-24,3,2,4,2020-04-23
Canada - British Columbia,2020-04-25,3,2,4,2020-04-23
Canada - British Columbia,2020-04-26,3,2,4,2020-04-23
Canada - British Columbia,2020-04-27,3,2,4,2020-04-23
Canada - British Columbia,2020-04-28,3,2,4,2020-04-23
Canada - British Columbia,2020-04-29,3,2,5,2020-04-23
Canada - British Columbia,2020-04-30,3,2,5,2020-04-23
Canada - British Columbia,2020-05-01,3,2,5,2020-04-23
Canada - British Columbia,2020-05-02,3,2,5,2020-04-23
Canada - British Columbia,2020-05-03,3,2,5,2020-04-23
Canada - British Columbia,2020-05-04,3,2,6,2020-04-23
Canada - British Columbia,2020-05-05,3,2,6,2020-04-23
Canada - British Columbia,2020-05-06,3,1,6,2020-04-23
